DISTRICT,COUNTY,SYP_NO,ROUTE_PREFIX,ROUTE_NO,ROUTE,TYPE_WORK,BMP,EMP,DESCRIPTION,BRIDGE_ID,ENACT_INITIAL_YEAR,ENACT_YEAR,ENACT_PHASE,FUND_CODE,RSY_FUND,RSY_YEAR,LATEST_LETTING_DATE,AWARDED,NUMBER_OF_LETTINGS
District 10,Breathitt,10-00375.00,KY,205,KY-205,MINOR WIDENING,7.804,9.954,IMPROVE KY-205 FROM NORTH OF KY-1812 TO SOUTH OF PEGGS FORK RD. (2020CCR),,2018,2024,C,STP,11540000.0,2029,,,
District 10,Breathitt,10-00375.00,KY,205,KY-205,MINOR WIDENING,7.804,9.954,IMPROVE KY-205 FROM NORTH OF KY-1812 TO SOUTH OF PEGGS FORK RD. (2020CCR),,2018,2024,U,STP,2190000.0,2027,,,
District 10,Breathitt,10-04313.00,KY,30,KY-30,SAF-GUARDRAIL(P),21.6,21.84,INSTALL GUARDRAIL ON KY-30   IN BREATHITT COUNTY,,2020,2024,C,GR,51000.0,2025,,,
District 10,Breathitt,10-04314.00,KY,30,KY-30,SAF-GUARDRAIL(P),9.45,9.51,INSTALL GUARDRAIL ON KY-30   IN BREATHITT COUNTY,,2020,2024,C,GR,13000.0,2025,,,
District 10,Breathitt,10-05014.00,KY,15,KY-15,LANDSLIDE REPAIR(P),13.75,14.644,ROCKFALL MITIGATION ON KY 15 FROM 0.593 MILE NORTH OF BEAVERLY ROAD (MP 13.750) TO KY 1098/KY 1813 (MP 14.644). (2018BOP) (2024CCR),,2022,2024,U,PRO,50000.0,2024,,,
District 10,Breathitt,10-05014.00,KY,15,KY-15,LANDSLIDE REPAIR(P),13.75,14.644,ROCKFALL MITIGATION ON KY 15 FROM 0.593 MILE NORTH OF BEAVERLY ROAD (MP 13.750) TO KY 1098/KY 1813 (MP 14.644). (2018BOP) (2024CCR),,2022,2024,R,PRO,250000.0,2024,,,
District 10,Breathitt,10-05014.00,KY,15,KY-15,LANDSLIDE REPAIR(P),13.75,14.644,ROCKFALL MITIGATION ON KY 15 FROM 0.593 MILE NORTH OF BEAVERLY ROAD (MP 13.750) TO KY 1098/KY 1813 (MP 14.644). (2018BOP) (2024CCR),,2022,2024,C,PRO,27300000.0,2025,,,
District 10,Breathitt,10-80107.00,CR,1125,CR-1125,BRIDGE REPLACEMENT(P),0.0,0.001,REPLACE BRIDGE OVER PUNCHEON CREEK ON MAX ROARK RD (2020CCN),,2020,2024,D,SPP,125000.0,2024,,,
District 10,Breathitt,10-80107.00,CR,1125,CR-1125,BRIDGE REPLACEMENT(P),0.0,0.001,REPLACE BRIDGE OVER PUNCHEON CREEK ON MAX ROARK RD (2020CCN),,2020,2024,R,SPP,5000.0,2025,,,
District 10,Breathitt,10-80107.00,CR,1125,CR-1125,BRIDGE REPLACEMENT(P),0.0,0.001,REPLACE BRIDGE OVER PUNCHEON CREEK ON MAX ROARK RD (2020CCN),,2020,2024,C,SPP,150000.0,2026,,,
District 10,Breathitt,10-80107.00,CR,1125,CR-1125,BRIDGE REPLACEMENT(P),0.0,0.001,REPLACE BRIDGE OVER PUNCHEON CREEK ON MAX ROARK RD (2020CCN),,2020,2024,U,SPP,5000.0,2025,,,
District 10,Breathitt,10-80353.00,CR,1007,CR-1007,BRIDGE REPLACEMENT(P),0.23,0.3,Replace bridge and approaches on Round Bottom Rd to reduce flooding issues (013C00054N) (2024CCN),013C00054N,2024,2024,U,STP,110000.0,2025,,,
District 10,Breathitt,10-80353.00,CR,1007,CR-1007,BRIDGE REPLACEMENT(P),0.23,0.3,Replace bridge and approaches on Round Bottom Rd to reduce flooding issues (013C00054N) (2024CCN),013C00054N,2024,2024,D,STP,260000.0,2024,,,
District 10,Breathitt,10-80353.00,CR,1007,CR-1007,BRIDGE REPLACEMENT(P),0.23,0.3,Replace bridge and approaches on Round Bottom Rd to reduce flooding issues (013C00054N) (2024CCN),013C00054N,2024,2024,R,STP,160000.0,2025,,,
District 10,Breathitt,10-80353.00,CR,1007,CR-1007,BRIDGE REPLACEMENT(P),0.23,0.3,Replace bridge and approaches on Round Bottom Rd to reduce flooding issues (013C00054N) (2024CCN),013C00054N,2024,2024,C,STP,1350000.0,2026,,,
District 10,Estill,10-00205.00,KY,82,KY-82,RECONSTRUCTION,0.0,4.1,"IMPROVE LEVEL OF SERVICE, SAFETY, AND CONNECTIVITY ON KY-82 FROM KY-89 IN ESTILL CO. TO NEW CONSTRUCTION LOCATED NORTH OF HUDSON MILL ROAD IN ESTILL COUNTY. (2022CCR) (2024CCN)",,2018,2024,R,STP,5250000.0,2025,,,
District 10,Estill,10-00205.00,KY,82,KY-82,RECONSTRUCTION,0.0,4.1,"IMPROVE LEVEL OF SERVICE, SAFETY, AND CONNECTIVITY ON KY-82 FROM KY-89 IN ESTILL CO. TO NEW CONSTRUCTION LOCATED NORTH OF HUDSON MILL ROAD IN ESTILL COUNTY. (2022CCR) (2024CCN)",,2018,2024,U,STP,3450000.0,2027,,,
District 10,Estill,10-00205.00,KY,82,KY-82,RECONSTRUCTION,0.0,4.1,"IMPROVE LEVEL OF SERVICE, SAFETY, AND CONNECTIVITY ON KY-82 FROM KY-89 IN ESTILL CO. TO NEW CONSTRUCTION LOCATED NORTH OF HUDSON MILL ROAD IN ESTILL COUNTY. (2022CCR) (2024CCN)",,2018,2024,C,STP,19550000.0,2028,,,
District 10,Estill,10-00206.00,KY,2459,KY-2459,SPOT IMPROVEMENTS(O),0.0,0.37,IMPROVE SAFETY ON KY-2459 (CARHARTT AVE.) FROM KY-89 TO THE RAILROAD BRIDGE. (2020CCR),,2018,2024,U,SPP,560000.0,2027,,,
District 10,Estill,10-00206.00,KY,2459,KY-2459,SPOT IMPROVEMENTS(O),0.0,0.37,IMPROVE SAFETY ON KY-2459 (CARHARTT AVE.) FROM KY-89 TO THE RAILROAD BRIDGE. (2020CCR),,2018,2024,D,SPP,520000.0,2024,,,
District 10,Estill,10-00206.00,KY,2459,KY-2459,SPOT IMPROVEMENTS(O),0.0,0.37,IMPROVE SAFETY ON KY-2459 (CARHARTT AVE.) FROM KY-89 TO THE RAILROAD BRIDGE. (2020CCR),,2018,2024,R,SPP,330000.0,2026,,,
District 10,Estill,10-00207.00,KY,89,KY-89,MAJOR WIDENING(O),19.806,22.428,IMPROVE GEOMETRICS ON KY-89 IN ESTILL COUNTY FROM KY-1886 TO THE ESTILL/CLARK COUNTY LINE. (2020CCR) (2024CCR),,2018,2024,R,STP,3020000.0,2027,,,
District 10,Estill,10-00207.00,KY,89,KY-89,MAJOR WIDENING(O),19.806,22.428,IMPROVE GEOMETRICS ON KY-89 IN ESTILL COUNTY FROM KY-1886 TO THE ESTILL/CLARK COUNTY LINE. (2020CCR) (2024CCR),,2018,2024,U,STP,2320000.0,2027,,,
District 10,Estill,10-00207.00,KY,89,KY-89,MAJOR WIDENING(O),19.806,22.428,IMPROVE GEOMETRICS ON KY-89 IN ESTILL COUNTY FROM KY-1886 TO THE ESTILL/CLARK COUNTY LINE. (2020CCR) (2024CCR),,2018,2024,D,SPP,1980000.0,2025,,,
District 10,Estill,10-04315.00,KY,499,KY-499,SAF-GUARDRAIL(P),4.99,5.08,INSTALL GUARDRAIL ON KY-499   IN ESTILL COUNTY,,2020,2024,C,GR,18000.0,2025,,,
District 10,Estill,10-10050.00,KY,52,KY-52,AM-BRIDGE (P),0.0,0.031,BRIDGE PROJECT IN ESTILL COUNTY ON (033B00017N) KY-52 AT DROWNING CREEK,033B00017N,2022,2024,C,FBP,3500000.0,2025,2024-07-18,Awarded,1
District 10,Estill,10-10050.00,KY,52,KY-52,AM-BRIDGE (P),0.0,0.031,BRIDGE PROJECT IN ESTILL COUNTY ON (033B00017N) KY-52 AT DROWNING CREEK,033B00017N,2022,2024,D,FBP,350000.0,2025,2024-07-18,Awarded,1
District 10,Estill,10-80300.00,KY,52,KY-52,BIKE/PED FACIL(O),7.326,7.557,Construct a walkway across the Kentucky River along KY 52 in Irvine.  (2024CCN),,2024,2024,D,SPP,400000.0,2025,,,
District 10,Estill,10-80300.00,KY,52,KY-52,BIKE/PED FACIL(O),7.326,7.557,Construct a walkway across the Kentucky River along KY 52 in Irvine.  (2024CCN),,2024,2024,C,SPP,1900000.0,2026,,,
District 10,Estill,10-80300.00,KY,52,KY-52,BIKE/PED FACIL(O),7.326,7.557,Construct a walkway across the Kentucky River along KY 52 in Irvine.  (2024CCN),,2024,2024,R,SPP,100000.0,2026,,,
District 10,Estill,10-80300.00,KY,52,KY-52,BIKE/PED FACIL(O),7.326,7.557,Construct a walkway across the Kentucky River along KY 52 in Irvine.  (2024CCN),,2024,2024,U,SPP,100000.0,2026,,,
District 10,Floyd,10-00169.00,KY,114,KY-114,RECONSTRUCTION,0.0,12.517,MOUNTAIN PARKWAY CORRIDOR: EXTEND THE FOUR LANE MOUNTAIN PARKWAY FROM US 460 TO THE MAGOFFIN/FLOYD COUNTY LINE. (2022CCR) (2024CCR),,2014,2024,C,NH,100840000.0,2026,2023-04-10,Awarded,2
District 10,Floyd,10-00169.00,KY,114,KY-114,RECONSTRUCTION,0.0,12.517,MOUNTAIN PARKWAY CORRIDOR: EXTEND THE FOUR LANE MOUNTAIN PARKWAY FROM US 460 TO THE MAGOFFIN/FLOYD COUNTY LINE. (2022CCR) (2024CCR),,2014,2024,U,NH,3400000.0,2024,2023-04-10,Awarded,2
District 10,Johnson,10-80101.00,US,460,US-460,MAJOR WIDENING(O),0.0,7.62,IMPROVE US 460 FROM THE INTERSECTION WITH KY 114 TO THE INTERCHANGE WITH US 23 (2020CCR) (2022CCR) (2024CCR),,2020,2024,D,SPP,3750000.0,2025,,,
District 10,Johnson,10-80101.00,US,460,US-460,MAJOR WIDENING(O),0.0,7.62,IMPROVE US 460 FROM THE INTERSECTION WITH KY 114 TO THE INTERCHANGE WITH US 23 (2020CCR) (2022CCR) (2024CCR),,2020,2024,R,SPP,1120000.0,2027,,,
District 10,Johnson,10-80101.00,US,460,US-460,MAJOR WIDENING(O),0.0,7.62,IMPROVE US 460 FROM THE INTERSECTION WITH KY 114 TO THE INTERCHANGE WITH US 23 (2020CCR) (2022CCR) (2024CCR),,2020,2024,U,SPP,500000.0,2027,,,
District 10,Johnson,10-80101.00,US,460,US-460,MAJOR WIDENING(O),0.0,7.62,IMPROVE US 460 FROM THE INTERSECTION WITH KY 114 TO THE INTERCHANGE WITH US 23 (2020CCR) (2022CCR) (2024CCR),,2020,2024,C,SPP,37500000.0,2028,,,
District 10,Lee,10-00175.00,KY,52,KY-52,Bridge (P),19.4,19.9,Replace or Repair multiple culverts along KY 52 in Lee County.,,2022,2024,C,PRO,6760000.0,2025,2025-07-24,Awarded,1
District 10,Lee,10-00292.12,KY,587,KY-587,RECONSTRUCTION,11.65,12.138,"Upgrade geometrics on KY 587 from MP 11.65 to the intersection with KY 11. (SEE 10-292.10 FOR D,R,U PHASES)",,2022,2024,C,STP,2240000.0,2025,,,
District 10,Lee,10-10051.00,CS,1005,CS-1005,AM-BRIDGE (P),0.03,0.036,BRIDGE PROJECT IN LEE COUNTY ON (065C00024N) SILVER CREEK RD AT SILVER CREEK,065C00024N,2022,2024,C,BRZ,358160.0,2029,,,
District 10,Lee,10-10051.00,CS,1005,CS-1005,AM-BRIDGE (P),0.03,0.036,BRIDGE PROJECT IN LEE COUNTY ON (065C00024N) SILVER CREEK RD AT SILVER CREEK,065C00024N,2022,2024,D,BRZ,53724.0,2029,,,
District 10,Lee,10-80102.00,KY,11,KY-11,SAFETY,4.306,4.8,EXTEND TWO WAY LEFT TURNING LANE FROM .047 MILES NORTH OF LEE COUNTY SENIOR CITIZENS CENTER TO .103 MILES SOUTH OF GRAND AVE (2020CCN) (2022CCR),,2020,2024,C,SPP,500000.0,2025,2025-01-23,Awarded,1
District 10,Lee,10-80102.00,KY,11,KY-11,SAFETY,4.306,4.8,EXTEND TWO WAY LEFT TURNING LANE FROM .047 MILES NORTH OF LEE COUNTY SENIOR CITIZENS CENTER TO .103 MILES SOUTH OF GRAND AVE (2020CCN) (2022CCR),,2020,2024,U,SPP,100000.0,2024,2025-01-23,Awarded,1
District 10,Lee,10-80102.00,KY,11,KY-11,SAFETY,4.306,4.8,EXTEND TWO WAY LEFT TURNING LANE FROM .047 MILES NORTH OF LEE COUNTY SENIOR CITIZENS CENTER TO .103 MILES SOUTH OF GRAND AVE (2020CCN) (2022CCR),,2020,2024,R,SPP,25000.0,2024,2025-01-23,Awarded,1
District 10,Lee,10-80103.00,KY,11,KY-11,SAFETY(P),9.4,9.423,ADD TURN LANE AT THE INTERSECTION OF KY 11 AND KY 498 (2022CCR),,2020,2024,U,SPP,50000.0,2024,2025-01-23,Awarded,1
District 10,Lee,10-80103.00,KY,11,KY-11,SAFETY(P),9.4,9.423,ADD TURN LANE AT THE INTERSECTION OF KY 11 AND KY 498 (2022CCR),,2020,2024,R,SPP,25000.0,2024,2025-01-23,Awarded,1
District 10,Lee,10-80103.00,KY,11,KY-11,SAFETY(P),9.4,9.423,ADD TURN LANE AT THE INTERSECTION OF KY 11 AND KY 498 (2022CCR),,2020,2024,C,SPP,250000.0,2025,2025-01-23,Awarded,1
District 10,Lee,10-80104.00,KY,399,KY-399,RECONSTRUCTION(O),5.75,6.2,RECONSTRUCT ALONG KY 399 BETWEEN MP 5.75 AND 6.2 (2020CCN) (2022CCR),,2020,2024,U,SPP,100000.0,2024,,,
District 10,Lee,10-80104.00,KY,399,KY-399,RECONSTRUCTION(O),5.75,6.2,RECONSTRUCT ALONG KY 399 BETWEEN MP 5.75 AND 6.2 (2020CCN) (2022CCR),,2020,2024,C,SPP,1000000.0,2026,,,
District 10,Lee,10-80104.00,KY,399,KY-399,RECONSTRUCTION(O),5.75,6.2,RECONSTRUCT ALONG KY 399 BETWEEN MP 5.75 AND 6.2 (2020CCN) (2022CCR),,2020,2024,R,SPP,200000.0,2024,,,
District 10,Lee,10-80351.00,KY,11,KY-11,RECONSTRUCTION(O),1.08,4.8,Reconstruct KY 11 from 0.5 miles south of KY 587 to 0.65 miles north of KY 52 in Beattyville (MP 1.082 - 4.798) (2024CCN),,2024,2024,C,STP,24000000.0,2028,,,
District 10,Lee,10-80351.00,KY,11,KY-11,RECONSTRUCTION(O),1.08,4.8,Reconstruct KY 11 from 0.5 miles south of KY 587 to 0.65 miles north of KY 52 in Beattyville (MP 1.082 - 4.798) (2024CCN),,2024,2024,D,STP,2500000.0,2024,,,
District 10,Lee,10-80351.00,KY,11,KY-11,RECONSTRUCTION(O),1.08,4.8,Reconstruct KY 11 from 0.5 miles south of KY 587 to 0.65 miles north of KY 52 in Beattyville (MP 1.082 - 4.798) (2024CCN),,2024,2024,U,STP,2320000.0,2027,,,
District 10,Lee,10-80351.00,KY,11,KY-11,RECONSTRUCTION(O),1.08,4.8,Reconstruct KY 11 from 0.5 miles south of KY 587 to 0.65 miles north of KY 52 in Beattyville (MP 1.082 - 4.798) (2024CCN),,2024,2024,R,STP,5750000.0,2027,,,
District 10,Magoffin,10-00169.10,KY,114,KY-114,RECONSTRUCTION,0.0,5.026,"MOUNTAIN PARKWAY CORRIDOR: EXTEND THE FOUR LANE MOUNTAIN PARKWAY FROM US 460 TO THE MAGOFFIN/FLOYD COUNTY LINE AND SGF FUND COMPONENT ""CONTINGENT UPON AWARD OF A FEDERAL MULTIMODAL PROJECT DISCRETIONARY GRANT FOR THIS PROJECT"". (2024CCR)",,2024,2024,C,IF,366000000.0,2024,,,
District 10,Magoffin,10-00213.00,KY,40,KY-40,TRANSP ENHANCEMENT(P),0.145,0.66,ROADWAY IMPROVEMENTS AND SIDEWALK CONSTRUCTION ALONG KY 40 (MP 0.145-0.660) TO BETTER FACILITATE ALTERNATIVE TRANSPORTATION METHODS (2018BOP). (2020CCR) (2024CCR),,2020,2024,C,STP,2500000.0,2027,,,
District 10,Magoffin,10-00213.00,KY,40,KY-40,TRANSP ENHANCEMENT(P),0.145,0.66,ROADWAY IMPROVEMENTS AND SIDEWALK CONSTRUCTION ALONG KY 40 (MP 0.145-0.660) TO BETTER FACILITATE ALTERNATIVE TRANSPORTATION METHODS (2018BOP). (2020CCR) (2024CCR),,2020,2024,U,STP,1500000.0,2025,,,
District 10,Magoffin,10-04316.00,KY,1081,KY-1081,SAF-GUARDRAIL(P),8.54,8.67,INSTALL GUARDRAIL ON KY-1081   IN MAGOFFIN COUNTY,,2020,2024,C,GR,26000.0,2026,2024-10-24,Awarded,1
District 10,Magoffin,10-10053.00,KY,3333,KY-3333,AM-BRIDGE (P),0.56,0.578,BRIDGE PROJECT IN MAGOFFIN COUNTY ON (077B00071N) KY-3333 AT LICK CR.,077B00071N,2022,2024,C,FBP,200000.0,2027,,,
District 10,Magoffin,10-22210.00,KY,9009,KY-9009,AM-PAVEMENT (PKY)(P),69.58,71.0,ADDRESS CONDITION OF Bert T. Combs Mountain Parkway FROM MILEPOINT 69.58 TO MILEPOINT 71 (2024CCR),,2022,2024,C,STP,4086000.0,2030,,,
District 10,Magoffin,10-22210.00,KY,9009,KY-9009,AM-PAVEMENT (PKY)(P),69.58,71.0,ADDRESS CONDITION OF Bert T. Combs Mountain Parkway FROM MILEPOINT 69.58 TO MILEPOINT 71 (2024CCR),,2022,2024,D,STP,454000.0,2030,,,
District 10,Magoffin,10-22211.00,KY,9009,KY-9009,AM-PAVEMENT (PKY)(P),71.0,73.19,ADDRESS CONDITION OF Bert T. Combs Mountain Parkway FROM MILEPOINT 71 TO MILEPOINT 73.19,,2022,2024,C,STP,1866481.0,2030,,,
District 10,Magoffin,10-22211.00,KY,9009,KY-9009,AM-PAVEMENT (PKY)(P),71.0,73.19,ADDRESS CONDITION OF Bert T. Combs Mountain Parkway FROM MILEPOINT 71 TO MILEPOINT 73.19,,2022,2024,D,STP,207387.0,2030,,,
District 10,Magoffin,10-80302.00,KY,7,KY-7,RECONSTRUCTION(O),22.5,23.8,RECONSTRUCT KY 7 FROM WILL BAILEY BRANCH ROAD TO KY 1090. (2024CCN),,2024,2024,U,SPP,1860000.0,2027,,,
District 10,Magoffin,10-80302.00,KY,7,KY-7,RECONSTRUCTION(O),22.5,23.8,RECONSTRUCT KY 7 FROM WILL BAILEY BRANCH ROAD TO KY 1090. (2024CCN),,2024,2024,D,SPP,1120000.0,2024,,,
District 10,Magoffin,10-80302.00,KY,7,KY-7,RECONSTRUCTION(O),22.5,23.8,RECONSTRUCT KY 7 FROM WILL BAILEY BRANCH ROAD TO KY 1090. (2024CCN),,2024,2024,C,SPP,7680000.0,2028,,,
District 10,Magoffin,10-80302.00,KY,7,KY-7,RECONSTRUCTION(O),22.5,23.8,RECONSTRUCT KY 7 FROM WILL BAILEY BRANCH ROAD TO KY 1090. (2024CCN),,2024,2024,R,SPP,2500000.0,2027,,,
District 10,Magoffin,10-80303.00,CR,1265,CR-1265,RECONSTRUCTION(O),0.0,0.547,Reconstruct CR 1265 from the intersection with KY 3337 (MP 0.0) to KY 3050 (MP 0.547) (2024CCN),,2024,2024,C,SPP,5100000.0,2027,,,
District 10,Magoffin,10-80303.00,CR,1265,CR-1265,RECONSTRUCTION(O),0.0,0.547,Reconstruct CR 1265 from the intersection with KY 3337 (MP 0.0) to KY 3050 (MP 0.547) (2024CCN),,2024,2024,U,SPP,410000.0,2026,,,
District 10,Magoffin,10-80303.00,CR,1265,CR-1265,RECONSTRUCTION(O),0.0,0.547,Reconstruct CR 1265 from the intersection with KY 3337 (MP 0.0) to KY 3050 (MP 0.547) (2024CCN),,2024,2024,D,SPP,650000.0,2024,,,
District 10,Magoffin,10-80303.00,CR,1265,CR-1265,RECONSTRUCTION(O),0.0,0.547,Reconstruct CR 1265 from the intersection with KY 3337 (MP 0.0) to KY 3050 (MP 0.547) (2024CCN),,2024,2024,R,SPP,580000.0,2025,,,
District 10,Menifee,10-08805.00,US,460,US-460,MAJOR WIDENING(O),13.965,19.003,"WIDEN EXISTING ROADWAY AND IMPROVE VERTICAL AND HORIZONTAL CURVES. NEW CONSTRUCTION. COMPLETES US 460 UPGRADES IN MENIFEE COUNTY FROM MP 14.35 TO 19.39 AND IN MORGAN COUNTY FROM MP 0 TO MP 0.8. (14CCN)(16CCR)
 (2024CCN)",,2014,2024,R,SPP,7660000.0,2027,,,
District 10,Menifee,10-08805.00,US,460,US-460,MAJOR WIDENING(O),13.965,19.003,"WIDEN EXISTING ROADWAY AND IMPROVE VERTICAL AND HORIZONTAL CURVES. NEW CONSTRUCTION. COMPLETES US 460 UPGRADES IN MENIFEE COUNTY FROM MP 14.35 TO 19.39 AND IN MORGAN COUNTY FROM MP 0 TO MP 0.8. (14CCN)(16CCR)
 (2024CCN)",,2014,2024,D,SPP,3380000.0,2024,,,
District 10,Menifee,10-08805.00,US,460,US-460,MAJOR WIDENING(O),13.965,19.003,"WIDEN EXISTING ROADWAY AND IMPROVE VERTICAL AND HORIZONTAL CURVES. NEW CONSTRUCTION. COMPLETES US 460 UPGRADES IN MENIFEE COUNTY FROM MP 14.35 TO 19.39 AND IN MORGAN COUNTY FROM MP 0 TO MP 0.8. (14CCN)(16CCR)
 (2024CCN)",,2014,2024,U,SPP,3650000.0,2027,,,
District 10,Menifee,10-08805.00,US,460,US-460,MAJOR WIDENING(O),13.965,19.003,"WIDEN EXISTING ROADWAY AND IMPROVE VERTICAL AND HORIZONTAL CURVES. NEW CONSTRUCTION. COMPLETES US 460 UPGRADES IN MENIFEE COUNTY FROM MP 14.35 TO 19.39 AND IN MORGAN COUNTY FROM MP 0 TO MP 0.8. (14CCN)(16CCR)
 (2024CCN)",,2014,2024,C,SPP,35540000.0,2029,,,
District 10,Menifee,10-10054.00,KY,713,KY-713,AM-BRIDGE (P),12.746,12.754,BRIDGE PROJECT IN MENIFEE COUNTY ON (083B00024N) KY-713 AT BEAVER CR @MENIFEE HISCH,083B00024N,2022,2024,D,BRX,87000.0,2029,,,
District 10,Menifee,10-10054.00,KY,713,KY-713,AM-BRIDGE (P),12.746,12.754,BRIDGE PROJECT IN MENIFEE COUNTY ON (083B00024N) KY-713 AT BEAVER CR @MENIFEE HISCH,083B00024N,2022,2024,C,FBP,870000.0,2030,,,
District 10,Menifee,10-80200.00,US,460,US-460,RECONSTRUCTION(O),15.233,19.003,"IMPROVE SAFETY, CORRECT GEOMETRICS, AND ENHANCE REGIONAL CONNECTIVITY ON US 460 FROM THE INTERSECTION OF KY 1240 TO 0.7 MILES EAST OF THE MORGAN COUNTY LINE (2022CCN) (2024CCR)",,2022,2024,U,SPP,3000000.0,2027,,,
District 10,Menifee,10-80200.00,US,460,US-460,RECONSTRUCTION(O),15.233,19.003,"IMPROVE SAFETY, CORRECT GEOMETRICS, AND ENHANCE REGIONAL CONNECTIVITY ON US 460 FROM THE INTERSECTION OF KY 1240 TO 0.7 MILES EAST OF THE MORGAN COUNTY LINE (2022CCN) (2024CCR)",,2022,2024,D,SPP,1000000.0,2024,,,
District 10,Menifee,10-80200.00,US,460,US-460,RECONSTRUCTION(O),15.233,19.003,"IMPROVE SAFETY, CORRECT GEOMETRICS, AND ENHANCE REGIONAL CONNECTIVITY ON US 460 FROM THE INTERSECTION OF KY 1240 TO 0.7 MILES EAST OF THE MORGAN COUNTY LINE (2022CCN) (2024CCR)",,2022,2024,R,SPP,6000000.0,2027,,,
District 10,Menifee,10-80200.00,US,460,US-460,RECONSTRUCTION(O),15.233,19.003,"IMPROVE SAFETY, CORRECT GEOMETRICS, AND ENHANCE REGIONAL CONNECTIVITY ON US 460 FROM THE INTERSECTION OF KY 1240 TO 0.7 MILES EAST OF THE MORGAN COUNTY LINE (2022CCN) (2024CCR)",,2022,2024,C,SPP,32480000.0,2028,,,
District 10,Menifee,10-80201.00,US,460,US-460,SAFETY(P),3.3,4.8,"Improve safety, correct geometrics, and enhance regional connectivity on US 460 from the bridge over Dog Trot Fork (MP 3.3) to Rothwell (MP 4.8). (2022CCN) (2024CCR)",,2022,2024,C,NH,11800000.0,2027,,,
District 10,Menifee,10-80201.00,US,460,US-460,SAFETY(P),3.3,4.8,"Improve safety, correct geometrics, and enhance regional connectivity on US 460 from the bridge over Dog Trot Fork (MP 3.3) to Rothwell (MP 4.8). (2022CCN) (2024CCR)",,2022,2024,R,NH,1200000.0,2025,,,
District 10,Menifee,10-80201.00,US,460,US-460,SAFETY(P),3.3,4.8,"Improve safety, correct geometrics, and enhance regional connectivity on US 460 from the bridge over Dog Trot Fork (MP 3.3) to Rothwell (MP 4.8). (2022CCN) (2024CCR)",,2022,2024,U,NH,1200000.0,2026,,,
District 10,Morgan,10-04312.00,KY,191,KY-191,SAF-GUARDRAIL(P),10.91,11.27,INSTALL GUARDRAIL ON KY-191   IN MORGAN COUNTY,,2020,2024,C,GR,76000.0,2025,2024-10-24,Awarded,1
District 10,Morgan,10-08004.00,PF,9999,PF-9999,NEW ROUTE(O),,,WEST LIBERTY BYPASS - CONSTRUCT NEW ROUTE FROM US 460 @ KY 2498 TO US 460 @ KY 172. (00CCN),,2000,2024,U,SPP,1100000.0,2028,,,
District 10,Morgan,10-08004.00,PF,9999,PF-9999,NEW ROUTE(O),,,WEST LIBERTY BYPASS - CONSTRUCT NEW ROUTE FROM US 460 @ KY 2498 TO US 460 @ KY 172. (00CCN),,2000,2024,D,SPP,1600000.0,2025,,,
District 10,Morgan,10-08004.00,PF,9999,PF-9999,NEW ROUTE(O),,,WEST LIBERTY BYPASS - CONSTRUCT NEW ROUTE FROM US 460 @ KY 2498 TO US 460 @ KY 172. (00CCN),,2000,2024,R,SPP,3500000.0,2027,,,
District 10,Morgan,10-08004.00,PF,9999,PF-9999,NEW ROUTE(O),,,WEST LIBERTY BYPASS - CONSTRUCT NEW ROUTE FROM US 460 @ KY 2498 TO US 460 @ KY 172. (00CCN),,2000,2024,C,SPP,18900000.0,2030,,,
District 10,Morgan,10-08804.00,KY,2498,KY-2498,RECONSTRUCTION,7.086,7.719,IMPROVE KY-2498 FROM US-460 TO THE ARH HOSPITAL. (14CCN)(16CCN) (2022CCR) (2024CCR),,2014,2024,C,SPP,8270000.0,2025,,,
District 10,Morgan,10-10055.00,KY,1950,KY-1950,AM-BRIDGE (P),2.437,2.459,BRIDGE PROJECT IN MORGAN COUNTY ON (088B00039N) KY-1950 AT BLACKWATER CREEK,088B00039N,2022,2024,C,FBP,2020000.0,2024,2024-05-23,Awarded,1
District 10,Morgan,10-10055.00,KY,1950,KY-1950,AM-BRIDGE (P),2.437,2.459,BRIDGE PROJECT IN MORGAN COUNTY ON (088B00039N) KY-1950 AT BLACKWATER CREEK,088B00039N,2022,2024,D,FBP,202000.0,2024,2024-05-23,Awarded,1
District 10,Morgan,10-20031.00,KY,882,KY-882,AM-PAVEMENT (PRI)(P),0.0,2.468,ADDRESS CONDITION OF KY-882 FROM MILEPOINT 0 TO MILEPOINT 2.468,,2024,2024,C,STP,261250.0,2027,,,
District 10,Morgan,10-20031.00,KY,882,KY-882,AM-PAVEMENT (PRI)(P),0.0,2.468,ADDRESS CONDITION OF KY-882 FROM MILEPOINT 0 TO MILEPOINT 2.468,,2024,2024,D,STP,13750.0,2027,,,
District 10,Morgan,10-20032.00,KY,985,KY-985,AM-PAVEMENT (PRI)(P),0.0,2.015,ADDRESS CONDITION OF KY-985 FROM MILEPOINT 0 TO MILEPOINT 2.015,,2024,2024,D,STP,15000.0,2027,,,
District 10,Morgan,10-20032.00,KY,985,KY-985,AM-PAVEMENT (PRI)(P),0.0,2.015,ADDRESS CONDITION OF KY-985 FROM MILEPOINT 0 TO MILEPOINT 2.015,,2024,2024,C,STP,285000.0,2027,,,
District 10,Morgan,10-20033.00,KY,1260,KY-1260,AM-PAVEMENT (PRI)(P),0.0,2.8,ADDRESS CONDITION OF KY-1260 FROM MILEPOINT 0 TO MILEPOINT 2.8,,2024,2024,C,STP,380000.0,2027,,,
District 10,Morgan,10-20033.00,KY,1260,KY-1260,AM-PAVEMENT (PRI)(P),0.0,2.8,ADDRESS CONDITION OF KY-1260 FROM MILEPOINT 0 TO MILEPOINT 2.8,,2024,2024,D,STP,20000.0,2027,,,
District 10,Morgan,10-80202.00,US,460,US-460,SAFETY(P),0.0,0.8,Improve safety and substandard geometrics on US 460 from the Menifee County Line to approximately milepoint 0.8.  (2022CCN) (2024CCR),,2022,2024,D,NH,500000.0,2024,,,
District 10,Morgan,10-80202.00,US,460,US-460,SAFETY(P),0.0,0.8,Improve safety and substandard geometrics on US 460 from the Menifee County Line to approximately milepoint 0.8.  (2022CCN) (2024CCR),,2022,2024,R,NH,475000.0,2027,,,
District 10,Morgan,10-80202.00,US,460,US-460,SAFETY(P),0.0,0.8,Improve safety and substandard geometrics on US 460 from the Menifee County Line to approximately milepoint 0.8.  (2022CCN) (2024CCR),,2022,2024,U,NH,167000.0,2027,,,
District 10,Morgan,10-80202.00,US,460,US-460,SAFETY(P),0.0,0.8,Improve safety and substandard geometrics on US 460 from the Menifee County Line to approximately milepoint 0.8.  (2022CCN) (2024CCR),,2022,2024,C,NH,5858000.0,2028,,,
District 10,Morgan,10-80307.00,US,460,US-460,SAFETY(P),27.06,28.238,Improve safety and reliability of US 460 from the intersection of KY 1081 to the Magoffin County line (2024CCN),,2024,2024,U,FED,750000.0,2029,,,
District 10,Morgan,10-80307.00,US,460,US-460,SAFETY(P),27.06,28.238,Improve safety and reliability of US 460 from the intersection of KY 1081 to the Magoffin County line (2024CCN),,2024,2024,C,FED,10000000.0,2030,,,
District 10,Morgan,10-80307.00,US,460,US-460,SAFETY(P),27.06,28.238,Improve safety and reliability of US 460 from the intersection of KY 1081 to the Magoffin County line (2024CCN),,2024,2024,D,FED,1200000.0,2027,,,
District 10,Morgan,10-80307.00,US,460,US-460,SAFETY(P),27.06,28.238,Improve safety and reliability of US 460 from the intersection of KY 1081 to the Magoffin County line (2024CCN),,2024,2024,R,FED,500000.0,2029,,,
District 10,Owsley,10-00173.00,KY,708,KY-708,Bridge (P),0.3,0.5,Replace bridge over Moores Fork and realign roadway. (2024CCN),,2022,2024,R,BRX,230000.0,2025,,,
District 10,Owsley,10-00173.00,KY,708,KY-708,Bridge (P),0.3,0.5,Replace bridge over Moores Fork and realign roadway. (2024CCN),,2022,2024,U,BRX,165000.0,2025,,,
District 10,Owsley,10-00173.00,KY,708,KY-708,Bridge (P),0.3,0.5,Replace bridge over Moores Fork and realign roadway. (2024CCN),,2022,2024,C,BRX,1450000.0,2027,,,
District 10,Owsley,10-80105.00,KY,11,KY-11,RECONSTRUCTION(O),3.8,4.2,RECONSTRUCT THE INTERSECTION OF KY 11 AND KY 846 (2020CCN) (2024CCR),,2020,2024,C,SPP,1880000.0,2026,,,
District 10,Owsley,10-80105.00,KY,11,KY-11,RECONSTRUCTION(O),3.8,4.2,RECONSTRUCT THE INTERSECTION OF KY 11 AND KY 846 (2020CCN) (2024CCR),,2020,2024,R,SPP,220000.0,2024,,,
District 10,Owsley,10-80105.00,KY,11,KY-11,RECONSTRUCTION(O),3.8,4.2,RECONSTRUCT THE INTERSECTION OF KY 11 AND KY 846 (2020CCN) (2024CCR),,2020,2024,U,SPP,240000.0,2025,,,
District 10,Owsley,10-80304.00,KY,3504,KY-3504,SPOT IMPROVEMENTS(O),0.36,0.42,Improvements to the intersection of KY 3504 and Old KY 11 (CR 1346K) (2024CCN),,2024,2024,D,SPP,70000.0,2024,,,
District 10,Owsley,10-80304.00,KY,3504,KY-3504,SPOT IMPROVEMENTS(O),0.36,0.42,Improvements to the intersection of KY 3504 and Old KY 11 (CR 1346K) (2024CCN),,2024,2024,U,SPP,80000.0,2025,,,
District 10,Owsley,10-80304.00,KY,3504,KY-3504,SPOT IMPROVEMENTS(O),0.36,0.42,Improvements to the intersection of KY 3504 and Old KY 11 (CR 1346K) (2024CCN),,2024,2024,R,SPP,20000.0,2025,,,
District 10,Owsley,10-80304.00,KY,3504,KY-3504,SPOT IMPROVEMENTS(O),0.36,0.42,Improvements to the intersection of KY 3504 and Old KY 11 (CR 1346K) (2024CCN),,2024,2024,C,SPP,110000.0,2025,,,
District 10,Owsley,10-80350.00,CR,1049,CR-1049,PAVEMENT REHAB-INT(P),0.0,0.689,Address pavement issues on CR 1049 (Puncheon Camp Branch Rd) from the intersection with KY 28 (MP 0.0) to MP 0.689 (2024CCN),,2024,2024,C,SPP,190000.0,2024,,,
District 10,Perry,10-00178.00,KY,7,KY-7,LANDSLIDE REPAIR(P),9.8,10.0,Address roadway slide on KY 7 from MP 9.8 to MP 10.0. (2024CCR),,2022,2024,R,PRO,150000.0,2024,,,
District 10,Perry,10-00178.00,KY,7,KY-7,LANDSLIDE REPAIR(P),9.8,10.0,Address roadway slide on KY 7 from MP 9.8 to MP 10.0. (2024CCR),,2022,2024,U,PRO,300000.0,2024,,,
District 10,Perry,10-00178.00,KY,7,KY-7,LANDSLIDE REPAIR(P),9.8,10.0,Address roadway slide on KY 7 from MP 9.8 to MP 10.0. (2024CCR),,2022,2024,C,PRO,5000000.0,2026,,,
District 10,Perry,10-00209.00,KY,476,KY-476,RECONSTRUCTION,0.0,0.9,IMPROVE KY-476 FROM KY-15X IN WALKERTOWN TO NORTH OF WALKER CORNETT ROAD IN WABACO.,,2018,2024,C,STP,3600000.0,2028,,,
District 10,Perry,10-00209.00,KY,476,KY-476,RECONSTRUCTION,0.0,0.9,IMPROVE KY-476 FROM KY-15X IN WALKERTOWN TO NORTH OF WALKER CORNETT ROAD IN WABACO.,,2018,2024,U,STP,570000.0,2027,,,
District 10,Perry,10-00269.20,KY,15,KY-15,RECONSTRUCTION,16.847,20.135,RECONSTRUCTION OF KY 15 FROM BONNYMAN TO NEAR KY 28. (14CCN) (2020CCN) (2022CCR) (2024CCR),,2014,2024,C,SPP,81990000.0,2028,,,
District 10,Perry,10-00269.20,KY,15,KY-15,RECONSTRUCTION,16.847,20.135,RECONSTRUCTION OF KY 15 FROM BONNYMAN TO NEAR KY 28. (14CCN) (2020CCN) (2022CCR) (2024CCR),,2014,2024,R,SPP,4730000.0,2025,,,
District 10,Perry,10-00269.20,KY,15,KY-15,RECONSTRUCTION,16.847,20.135,RECONSTRUCTION OF KY 15 FROM BONNYMAN TO NEAR KY 28. (14CCN) (2020CCN) (2022CCR) (2024CCR),,2014,2024,U,SPP,2700000.0,2027,,,
District 10,Perry,10-04317.00,KY,7,KY-7,SAF-GUARDRAIL(P),9.7,10.0,INSTALL GUARDRAIL ON KY-7 IN PERRY COUNTY,,2020,2024,C,GR,64000.0,2026,,,
District 10,Perry,10-08903.00,HR,9006,HR-9006,NEW INTERCHANGE(O),54.9,55.1,NEW INTERCHANGE OFF OF A NEW EXIT 55 HAL ROGERS PARKWAY. (16CCN)(18CCN) (2024CCR),,2016,2024,C,NH,12600000.0,2027,,,
District 10,Perry,10-08903.00,HR,9006,HR-9006,NEW INTERCHANGE(O),54.9,55.1,NEW INTERCHANGE OFF OF A NEW EXIT 55 HAL ROGERS PARKWAY. (16CCN)(18CCN) (2024CCR),,2016,2024,R,NH,1260000.0,2025,,,
District 10,Perry,10-08903.00,HR,9006,HR-9006,NEW INTERCHANGE(O),54.9,55.1,NEW INTERCHANGE OFF OF A NEW EXIT 55 HAL ROGERS PARKWAY. (16CCN)(18CCN) (2024CCR),,2016,2024,U,NH,350000.0,2025,,,
District 10,Perry,10-08903.00,HR,9006,HR-9006,NEW INTERCHANGE(O),54.9,55.1,NEW INTERCHANGE OFF OF A NEW EXIT 55 HAL ROGERS PARKWAY. (16CCN)(18CCN) (2024CCR),,2016,2024,D,NH,500000.0,2024,,,
District 10,Perry,10-10056.00,KY,476,KY-476,AM-BRIDGE (P),3.648,3.656,BRIDGE PROJECT IN PERRY COUNTY ON (097B00005N) KY-476 AT JAKES CREEK,097B00005N,2022,2024,D,BRX,123786.0,2030,,,
District 10,Perry,10-10056.00,KY,476,KY-476,AM-BRIDGE (P),3.648,3.656,BRIDGE PROJECT IN PERRY COUNTY ON (097B00005N) KY-476 AT JAKES CREEK,097B00005N,2022,2024,C,BRX,825240.0,2030,,,
District 10,Perry,10-20034.00,KY,7,KY-7,AM-PAVEMENT (PRI)(P),2.83,13.55,ADDRESS CONDITION OF KY-7 FROM MILEPOINT 2.83 TO MILEPOINT 13.55,,2024,2024,C,STP,1425000.0,2030,,,
District 10,Perry,10-20034.00,KY,7,KY-7,AM-PAVEMENT (PRI)(P),2.83,13.55,ADDRESS CONDITION OF KY-7 FROM MILEPOINT 2.83 TO MILEPOINT 13.55,,2024,2024,D,STP,75000.0,2030,,,
District 10,Perry,10-22203.00,HR,9006,HR-9006,AM-PAVEMENT (PKY)(P),51.026,55.97,ADDRESS CONDITION OF Hal Rogers Daniel Boone Parkway FROM MILEPOINT 51.026 TO MILEPOINT 55.97 (2024CCR),,2022,2024,C,STP,4054164.0,2029,,,
District 10,Perry,10-22203.00,HR,9006,HR-9006,AM-PAVEMENT (PKY)(P),51.026,55.97,ADDRESS CONDITION OF Hal Rogers Daniel Boone Parkway FROM MILEPOINT 51.026 TO MILEPOINT 55.97 (2024CCR),,2022,2024,D,STP,450463.0,2029,,,
District 10,Perry,10-22204.00,HR,9006,HR-9006,AM-PAVEMENT (PKY)(P),57.3,59.088,ADDRESS CONDITION OF Hal Rogers Daniel Boone Parkway FROM MILEPOINT 57.3 TO MILEPOINT 59.088 (2024CCR),,2022,2024,C,NHP,8100000.0,2027,,,
District 10,Perry,10-22204.00,HR,9006,HR-9006,AM-PAVEMENT (PKY)(P),57.3,59.088,ADDRESS CONDITION OF Hal Rogers Daniel Boone Parkway FROM MILEPOINT 57.3 TO MILEPOINT 59.088 (2024CCR),,2022,2024,D,NHP,900000.0,2027,,,
District 10,Perry,10-80100.00,CR,1365,CR-1365,NEW ROUTE(O),0.0,0.937,NEW IMPROVED ACCESS TO WENDALL FORD AIRPORT (2020CCN) (2022CCR) (2024CCR),,2020,2024,C,HGC,15125000.0,2025,,,
District 10,Perry,10-80305.00,KY,1440,KY-1440,RECONSTRUCTION(O),2.5,2.961,Reconstruct roadway to eliminate flooding beginning at the intersection with KY 550. (2024CCN),,2024,2024,R,SPP,720000.0,2026,,,
District 10,Perry,10-80305.00,KY,1440,KY-1440,RECONSTRUCTION(O),2.5,2.961,Reconstruct roadway to eliminate flooding beginning at the intersection with KY 550. (2024CCN),,2024,2024,U,SPP,1050000.0,2026,,,
District 10,Perry,10-80305.00,KY,1440,KY-1440,RECONSTRUCTION(O),2.5,2.961,Reconstruct roadway to eliminate flooding beginning at the intersection with KY 550. (2024CCN),,2024,2024,C,SPP,4960000.0,2027,,,
District 10,Perry,10-80305.00,KY,1440,KY-1440,RECONSTRUCTION(O),2.5,2.961,Reconstruct roadway to eliminate flooding beginning at the intersection with KY 550. (2024CCN),,2024,2024,D,SPP,650000.0,2025,,,
District 10,Perry,10-80306.00,KY,550,KY-550,DRAINAGE IMPROVE(P),1.2,1.7,Improve drainage issues and construct sidewalk on KY 550 from MP 1.2 to MP 1.7 near the Galen College of Nursing. (2024CCN),,2024,2024,R,SPP,1380000.0,2025,,,
District 10,Perry,10-80306.00,KY,550,KY-550,DRAINAGE IMPROVE(P),1.2,1.7,Improve drainage issues and construct sidewalk on KY 550 from MP 1.2 to MP 1.7 near the Galen College of Nursing. (2024CCN),,2024,2024,U,SPP,1080000.0,2025,,,
District 10,Perry,10-80306.00,KY,550,KY-550,DRAINAGE IMPROVE(P),1.2,1.7,Improve drainage issues and construct sidewalk on KY 550 from MP 1.2 to MP 1.7 near the Galen College of Nursing. (2024CCN),,2024,2024,C,SPP,1680000.0,2026,,,
District 10,Perry,10-80306.00,KY,550,KY-550,DRAINAGE IMPROVE(P),1.2,1.7,Improve drainage issues and construct sidewalk on KY 550 from MP 1.2 to MP 1.7 near the Galen College of Nursing. (2024CCN),,2024,2024,D,SPP,520000.0,2024,,,
District 10,Perry,10-80308.00,PF,9999,PF-9999,NEW ROUTE(O),,,Construct a new access road to East Perry Sports Complex development and a connector to Nautilus Drive (2024CCN),,2024,2024,U,SPP,100000.0,2026,,,
District 10,Perry,10-80308.00,PF,9999,PF-9999,NEW ROUTE(O),,,Construct a new access road to East Perry Sports Complex development and a connector to Nautilus Drive (2024CCN),,2024,2024,R,SPP,50000.0,2025,,,
District 10,Perry,10-80308.00,PF,9999,PF-9999,NEW ROUTE(O),,,Construct a new access road to East Perry Sports Complex development and a connector to Nautilus Drive (2024CCN),,2024,2024,D,SPP,325000.0,2024,,,
District 10,Perry,10-80308.00,PF,9999,PF-9999,NEW ROUTE(O),,,Construct a new access road to East Perry Sports Complex development and a connector to Nautilus Drive (2024CCN),,2024,2024,C,SPP,2750000.0,2026,,,
District 10,Powell,10-00163.20,KY,213,KY-213,SAFETY(P),9.0,11.271,"IMPROVE SAFETY, UPGRADE GEOMETRICS, AND ADDRESS CAPACITY ISSUES FOR KY 213 FROM KY 615 TO BOTTOM OF MOUNTAIN. (PRIORITY SECTION 2)(2018BOP) (2022CCN) (2024CCR)",,2022,2024,U,SPP,1500000.0,2027,,,
District 10,Powell,10-00163.20,KY,213,KY-213,SAFETY(P),9.0,11.271,"IMPROVE SAFETY, UPGRADE GEOMETRICS, AND ADDRESS CAPACITY ISSUES FOR KY 213 FROM KY 615 TO BOTTOM OF MOUNTAIN. (PRIORITY SECTION 2)(2018BOP) (2022CCN) (2024CCR)",,2022,2024,C,SPP,7500000.0,2029,,,
District 10,Powell,10-00163.20,KY,213,KY-213,SAFETY(P),9.0,11.271,"IMPROVE SAFETY, UPGRADE GEOMETRICS, AND ADDRESS CAPACITY ISSUES FOR KY 213 FROM KY 615 TO BOTTOM OF MOUNTAIN. (PRIORITY SECTION 2)(2018BOP) (2022CCN) (2024CCR)",,2022,2024,R,SPP,3000000.0,2027,,,
District 10,Powell,10-00170.00,KY,11,KY-11,SAFETY,16.25,16.95,Improve safety and traffic operations along KY 11/KY 15 in Stanton from east of Halls Lane to west of Stonegate Drive by widening and providing a two-way left-turn lane.  (2024CCN),,2024,2024,U,SPP,1750000.0,2025,,,
District 10,Powell,10-00170.00,KY,11,KY-11,SAFETY,16.25,16.95,Improve safety and traffic operations along KY 11/KY 15 in Stanton from east of Halls Lane to west of Stonegate Drive by widening and providing a two-way left-turn lane.  (2024CCN),,2024,2024,R,SPP,750000.0,2025,,,
District 10,Powell,10-00170.00,KY,11,KY-11,SAFETY,16.25,16.95,Improve safety and traffic operations along KY 11/KY 15 in Stanton from east of Halls Lane to west of Stonegate Drive by widening and providing a two-way left-turn lane.  (2024CCN),,2024,2024,C,SPP,3250000.0,2027,,,
District 10,Powell,10-00174.00,KY,613,KY-613,SPOT IMPROVEMENTS,0.0,0.363,Correct flooding issues on KY 613 at Bowen from KY 11 to Bridge over Red River in Powell County.,,2022,2024,C,PRO,1080000.0,2026,2025-08-21,Awarded,1
District 10,Powell,10-00174.00,KY,613,KY-613,SPOT IMPROVEMENTS,0.0,0.363,Correct flooding issues on KY 613 at Bowen from KY 11 to Bridge over Red River in Powell County.,,2022,2024,U,PRO,176000.0,2024,2025-08-21,Awarded,1
District 10,Powell,10-00174.00,KY,613,KY-613,SPOT IMPROVEMENTS,0.0,0.363,Correct flooding issues on KY 613 at Bowen from KY 11 to Bridge over Red River in Powell County.,,2022,2024,R,PRO,202000.0,2024,2025-08-21,Awarded,1
District 10,Powell,10-00176.00,KY,15,KY-15,MINOR WIDENING,0.0,3.45,Minor widening to improve redundancy of Regional Travel.,,2022,2024,R,PRO,290000.0,2027,,,
District 10,Powell,10-00176.00,KY,15,KY-15,MINOR WIDENING,0.0,3.45,Minor widening to improve redundancy of Regional Travel.,,2022,2024,U,PRO,280000.0,2027,,,
District 10,Powell,10-00176.00,KY,15,KY-15,MINOR WIDENING,0.0,3.45,Minor widening to improve redundancy of Regional Travel.,,2022,2024,C,PRO,4720000.0,2029,,,
District 10,Powell,10-00210.00,KY,213,KY-213,SAFETY-HAZARD ELIM(P),6.37,6.9,IMPROVE SAFETY AND LEVEL OF SERVICE ON KY-213 IN POWELL COUNTY FROM SONS ROAD TO REED COURT. (2024CCN),,2018,2024,C,STP,2500000.0,2026,,,
District 10,Powell,10-00210.00,KY,213,KY-213,SAFETY-HAZARD ELIM(P),6.37,6.9,IMPROVE SAFETY AND LEVEL OF SERVICE ON KY-213 IN POWELL COUNTY FROM SONS ROAD TO REED COURT. (2024CCN),,2018,2024,R,STP,700000.0,2025,,,
District 10,Powell,10-00210.00,KY,213,KY-213,SAFETY-HAZARD ELIM(P),6.37,6.9,IMPROVE SAFETY AND LEVEL OF SERVICE ON KY-213 IN POWELL COUNTY FROM SONS ROAD TO REED COURT. (2024CCN),,2018,2024,U,STP,700000.0,2025,,,
District 10,Powell,10-04318.00,KY,82,KY-82,SAF-GUARDRAIL(P),1.0,1.15,INSTALL GUARDRAIL ON KY-82   IN POWELL COUNTY,,2020,2024,C,GR,32000.0,2026,,,
District 10,Powell,10-10058.00,KY,1184,KY-1184,AM-BRIDGE (P),0.2,0.234,BRIDGE PROJECT IN POWELL COUNTY ON (099B00043N) KY-1184 AT RED RIVER,099B00043N,2022,2024,D,BRX,454000.0,2029,,,
District 10,Powell,10-10058.00,KY,1184,KY-1184,AM-BRIDGE (P),0.2,0.234,BRIDGE PROJECT IN POWELL COUNTY ON (099B00043N) KY-1184 AT RED RIVER,099B00043N,2022,2024,C,BRX,4540000.0,2029,,,
District 10,Powell,10-20004.00,KY,9000,KY-9000,AM-PAVEMENT (PKY)(P),11.913,19.15,ADDRESS CONDITION OF Bert T. Combs Mountain Parkway FROM MILEPOINT 11.913 TO MILEPOINT 19.228,,2018,2024,D,STP,692710.0,2029,,,
District 10,Powell,10-20004.00,KY,9000,KY-9000,AM-PAVEMENT (PKY)(P),11.913,19.15,ADDRESS CONDITION OF Bert T. Combs Mountain Parkway FROM MILEPOINT 11.913 TO MILEPOINT 19.228,,2018,2024,C,STP,6234390.0,2029,,,
District 10,Powell,10-20005.00,KY,9000,KY-9000,AM-PAVEMENT (PKY)(P),19.15,22.307,ADDRESS CONDITION OF Bert T. Combs Mountain Parkway FROM MILEPOINT 19.228 TO MILEPOINT 22.307,,2018,2024,D,STP,291573.0,2029,,,
District 10,Powell,10-20005.00,KY,9000,KY-9000,AM-PAVEMENT (PKY)(P),19.15,22.307,ADDRESS CONDITION OF Bert T. Combs Mountain Parkway FROM MILEPOINT 19.228 TO MILEPOINT 22.307,,2018,2024,C,STP,2624153.0,2029,,,
District 10,Powell,10-20008.00,KY,9000,KY-9000,PAVEMENT REHAB-PRK(P),32.787,36.0,ADDRESS CONDITION OF BERT T. COMBS MOUNTAIN PARKWAY FROM MILEPOINT 32.787 TO MILEPOINT 35.28 (2022CCR) (2024CCR),,2018,2024,C,NHP,2790000.0,2024,2023-12-14,Awarded,1
District 10,Powell,10-20008.00,KY,9000,KY-9000,PAVEMENT REHAB-PRK(P),32.787,36.0,ADDRESS CONDITION OF BERT T. COMBS MOUNTAIN PARKWAY FROM MILEPOINT 32.787 TO MILEPOINT 35.28 (2022CCR) (2024CCR),,2018,2024,D,NHP,310000.0,2024,2023-12-14,Awarded,1
District 10,Powell,10-20035.00,KY,213,KY-213,AM-PAVEMENT (PRI)(P),1.691,2.244,ADDRESS CONDITION OF KY-213 FROM MILEPOINT 1.691 TO MILEPOINT 2.244,,2024,2024,D,STP,17500.0,2027,,,
District 10,Powell,10-20035.00,KY,213,KY-213,AM-PAVEMENT (PRI)(P),1.691,2.244,ADDRESS CONDITION OF KY-213 FROM MILEPOINT 1.691 TO MILEPOINT 2.244,,2024,2024,C,STP,332500.0,2027,,,
District 10,Powell,10-22158.00,KY,9000,KY-9000,AM-PAVEMENT (PKY)(P),27.376,32.787,ADDRESS CONDITION OF Bert T. Combs Mountain Parkway FROM MILEPOINT 27.376 TO MILEPOINT 32.787 (2024CCR),,2022,2024,C,NHP,4071236.0,2028,,,
District 10,Powell,10-22158.00,KY,9000,KY-9000,AM-PAVEMENT (PKY)(P),27.376,32.787,ADDRESS CONDITION OF Bert T. Combs Mountain Parkway FROM MILEPOINT 27.376 TO MILEPOINT 32.787 (2024CCR),,2022,2024,D,NHP,452360.0,2028,,,
District 10,Powell,10-80250.00,KY,11,KY-11,BRIDGE REHAB(P),3.4,3.85,Construct a bridge on KY 11 (Campton Rd MP 3.4 to 3.85) across the Bert T. Combs Mountain Parkway (2022CCN),,2022,2024,R,SPP,5000000.0,2025,,,
District 10,Powell,10-80250.00,KY,11,KY-11,BRIDGE REHAB(P),3.4,3.85,Construct a bridge on KY 11 (Campton Rd MP 3.4 to 3.85) across the Bert T. Combs Mountain Parkway (2022CCN),,2022,2024,U,SPP,5000000.0,2026,,,
District 10,Wolfe,10-00177.00,KY,15,KY-15,MINOR WIDENING,13.6,18.704,Minor widening to improve redundancy of Regional travel. (2024CCR),,2022,2024,R,PRO,290000.0,2025,,,
District 10,Wolfe,10-00177.00,KY,15,KY-15,MINOR WIDENING,13.6,18.704,Minor widening to improve redundancy of Regional travel. (2024CCR),,2022,2024,C,PRO,4960000.0,2027,,,
District 10,Wolfe,10-00177.00,KY,15,KY-15,MINOR WIDENING,13.6,18.704,Minor widening to improve redundancy of Regional travel. (2024CCR),,2022,2024,U,PRO,560000.0,2026,,,
District 10,Wolfe,10-00212.00,KY,191,KY-191,RECONSTRUCTION(O),4.765,4.965,IMPROVE THE KY-191 AND KY-1812 INTERSECTION.,,2018,2024,U,STP,120000.0,2024,2025-02-20,Awarded,1
District 10,Wolfe,10-00212.00,KY,191,KY-191,RECONSTRUCTION(O),4.765,4.965,IMPROVE THE KY-191 AND KY-1812 INTERSECTION.,,2018,2024,R,STP,120000.0,2024,2025-02-20,Awarded,1
District 10,Wolfe,10-00212.00,KY,191,KY-191,RECONSTRUCTION(O),4.765,4.965,IMPROVE THE KY-191 AND KY-1812 INTERSECTION.,,2018,2024,C,STP,1030000.0,2025,2025-02-20,Awarded,1
District 10,Wolfe,10-04319.00,KY,191,KY-191,SAF-GUARDRAIL(P),10.78,10.85,INSTALL GUARDRAIL ON KY-191 IN WOLFE COUNTY,,2020,2024,C,GR,15000.0,2026,2024-09-26,Awarded,1
District 10,Wolfe,10-04320.00,KY,746,KY-746,SAF-GUARDRAIL(P),1.4,1.7,INSTALL GUARDRAIL ON KY-746 IN WOLFE COUNTY,,2020,2024,C,GR,65000.0,2026,2024-09-26,Awarded,1
District 10,Wolfe,10-10059.00,CR,1135,CR-1135,AM-BRIDGE (P),0.062,0.072,BRIDGE PROJECT IN WOLFE COUNTY ON (119C00014N) CAVE BRANCH RD AT HOLLY CREEK,119C00014N,2022,2024,C,FBP,761200.0,2027,,,
District 10,Wolfe,10-10059.00,CR,1135,CR-1135,AM-BRIDGE (P),0.062,0.072,BRIDGE PROJECT IN WOLFE COUNTY ON (119C00014N) CAVE BRANCH RD AT HOLLY CREEK,119C00014N,2022,2024,D,FBP,114180.0,2027,,,
District 10,Wolfe,10-80352.00,KY,715,KY-715,RECONSTRUCTION(O),0.0,5.77,Reconstruct KY 715 from intersection with KY 11 (0.0) to the intersection with KY 15 (MP 5.765).  (2024CCN),,2024,2024,D,SPP,2500000.0,2026,,,
