TRAK_PROGRAM,DISTRICT,COUNTY,CONTRACT_ID,SYP_NO,FUND_CODE,PROGRAM_CODE,FED_PROJECT_NUM,CONTRACTOR,PROJECT_NM,LETTING_DATE,AWARD_AMOUNT,CALCULATED_AWARDED_AMOUNT
Pavement Asset Management,District 05,Franklin,252316,05-20070.00,,FD52,FD52 037 0127 011-012,BLUEGRASS CONTRACTING CORPORATION,MP03701272501,2025-08-21,2056071.0,736789.91
Pavement Asset Management,District 05,Franklin,252316,05-20071.00,,FD52,FD52 106 0055 007-013,BLUEGRASS CONTRACTING CORPORATION,MP10600552501,2025-08-21,2056071.0,1319281.1
Highway Improvement,District 05,Shelby,251019,05-80004.00,,FD04,FD04 106 055X 001-002,LOUISVILLE PAVING COMPANY INC,DE10600552519,2025-08-21,1096531.0,1096531.0
Bridge Asset Management,District 05,Henry,252981,,,FE02,FE02 052 0573 B00043N,HALL CONTRACTING OF KENTUCKY INC,MB05205732501,2025-08-21,326000.0,326000.0
Safety,District 05,Jefferson,254710,,,,LBGT 056 0065 000-000,THE TRUESDELL CORPORATION,0505600652501,2025-07-24,359359.0,359359.0
Rural Roads Projects,District 05,Oldham,253090,,,CB06,CB06 093 0524 000-001,LOUISVILLE PAVING COMPANY INC,0509305242501,2025-07-24,499186.0,92063.79
Rural Roads Projects,District 05,Oldham,253090,,,CB06,CB06 093 0393 000-003,LOUISVILLE PAVING COMPANY INC,0509303932501,2025-07-24,499186.0,243526.88
Rural Roads Projects,District 05,Oldham,253090,,,CB06,CB06 093 3223 000-002,LOUISVILLE PAVING COMPANY INC,0509332232502,2025-07-24,499186.0,163595.32
Pavement Asset Management,District 05,Jefferson,252292,,,FD05,FD05 056 031W 020-023,MAC CONSTRUCTION & EXCAVATING INC,MP056031W2501,2025-07-24,1016985.31,1016985.31
Rural Roads Projects,District 05,Bullitt,253095,,,CB06,CB06 015 1442 000-007,MAGO CONSTRUCTION COMPANY LLC,0501514422501,2025-07-24,681141.25,416469.85
Rural Roads Projects,District 05,Bullitt,253095,,,CB06,CB06 015 1604 000-004,MAGO CONSTRUCTION COMPANY LLC,0501516042501,2025-07-24,681141.25,264671.4
Rural Roads Projects,District 05,Jefferson,253096,,,CB06,CB06 056 1230 000-003,LIBS PAVING COMPANY INC,0505612302501,2025-07-24,299863.0,299863.0
Pavement Asset Management,District 05,Shelby,252113,,,FD05,FD05 106 0421 000-001,LIBS PAVING COMPANY INC,MP10604212501,2025-07-24,1197576.1,121511.93
Pavement Asset Management,District 05,Shelby,252113,,,FD05,FD05 052 0022 000-008,LIBS PAVING COMPANY INC,MP05200222501,2025-07-24,1197576.1,750927.63
Pavement Asset Management,District 05,Shelby,252113,,,FD05,FD05 052 00421 010-014,LIBS PAVING COMPANY INC,MP05204212501,2025-07-24,1197576.1,325136.54
Highway Improvement,District 05,Jefferson,251315,05-00531.00,,,STPM 3001 (512),LOUISVILLE PAVING COMPANY INC,DE05619322515,2025-07-24,5680176.0,5680176.0
Miscellaneous,District 05,Bullitt,252260,,,FE06,FE06 015 1020 001-002,GEORGE B STONE CO LLC,MP01510202501,2025-06-26,69999.7,69999.7
Pavement Asset Management,District 05,Jefferson,252218,,,FD05,FD05 056 0061 001-004,HALL CONTRACTING OF KENTUCKY INC,MP05600612501,2025-06-26,869350.0,869350.0
Pavement Asset Management,District 05,Oldham,252191,,,FD05,FD05 093 0053 007-012,LOUISVILLE PAVING COMPANY INC,MP09300532501,2025-06-26,506210.0,506210.0
Pavement Asset Management,District 05,Oldham,252267,,,FD05,FD05 093 0393 002-005,LOUISVILLE PAVING COMPANY INC,MP09303932501,2025-06-26,528790.0,528790.0
Bridge Asset Management,District 05,Bullitt,252987,05-10035.00,FBP,,FBP 0503 (258),HALL CONTRACTING OF KENTUCKY INC,MB01515262401,2025-06-26,2588000.0,2588000.0
Bridge Asset Management,District 05,Jefferson,252975,,,FE02,FE02 056 0065 B00193N,HALL CONTRACTING OF KENTUCKY INC,MB05600652575,2025-05-22,780000.0,780000.0
Bridge Asset Management,District 05,Jefferson,252974,,,FE02,FE02 056 0065 B00196N,AMERICAN CONTRACTING & SERVICES INC,MB05600652574,2025-05-22,1984603.83,1984603.83
Pavement Asset Management,District 05,Jefferson,252192,,,FD05,FD05 056 0060 011-013,LOUISVILLE PAVING COMPANY INC,MP05600602501,2025-05-22,588455.0,588455.0
Pavement Asset Management,District 05,Bullitt,252216,,,FD05,FD05 015 0480 002-004,MAGO CONSTRUCTION COMPANY LLC,MP01504802501,2025-05-22,65978.23,65978.23
Highway Improvement,District 05,Jefferson,251011,05-20017.00,,,NHPM 2641 (090),CLEARY CONSTRUCTION INC,DE05602642507,2025-05-22,129880000.0,9529862.1
Highway Improvement,District 05,Jefferson,251011,05-00804.00,NH,,NH 2641 (176),CLEARY CONSTRUCTION INC,DE05602642512,2025-05-22,129880000.0,120350137.94
Rural Roads Projects,District 05,Franklin,251311,,,,CBPL XFFT KY25-35,LOUISVILLE PAVING COMPANY INC,DE037AIRP2511,2025-05-22,875000.0,875000.0
Safety,District 05,Jefferson,254403,05-09032.00,,HSIP,HSIP 1501(133),MAC CONSTRUCTION & EXCAVATING INC,05056031E2504,2025-04-24,5477000.0,5476999.99
Pavement Asset Management,District 05,Jefferson,252164,,,FD05,FD05 056 0060 003-006,E & B PAVING LLC,MP05600602502,2025-04-24,1102400.0,1102400.0
Pavement Asset Management,District 05,Bullitt,252163,,,FD05,FD05 016 0061 020-022,MAGO CONSTRUCTION COMPANY LLC,MP01500612502,2025-04-24,616556.56,616556.56
Pavement Asset Management,District 05,Bullitt,252062,,,FD05,FD05 015 0061 000-001,MAGO CONSTRUCTION COMPANY LLC,MP01500612501,2025-04-24,104611.89,104611.89
Bridge Asset Management,District 05,Jefferson,252973,,,FE02,FE02 056 0060 B00138N,INTECH CONTRACTING LLC,MB05600602501,2025-04-24,1938929.14,430446.97
Bridge Asset Management,District 05,Jefferson,252973,,,FE02,FE02 056 0264 B00229N,INTECH CONTRACTING LLC,MB05602642501,2025-04-24,1938929.14,408580.9
Bridge Asset Management,District 05,Jefferson,252973,,,FE02,FE02 108 0248 B00033N,INTECH CONTRACTING LLC,MB10802482501,2025-04-24,1938929.14,1099901.27
Highway Improvement,District 05,Franklin,251301,05-00586.00,,FD04,FD04 037 1212 000-001,L-M ASPHALT PARTNERS LTD D/B/A ATS CONSTRUCTION,DE03712122419,2025-04-24,3288667.69,3288667.69
Pavement Asset Management,District 05,Jefferson,252206,,,FD05,FD05 056 1065 000-003,FLYNN BROTHERS CONTRACTING INC,MP056106525W1,2025-04-24,1417247.23,642540.34
Pavement Asset Management,District 05,Jefferson,252206,,,FD05,FD05 056 0907 000-004,FLYNN BROTHERS CONTRACTING INC,MP056090725W1,2025-04-24,1417247.23,774706.9
Safety,District 05,Various,254702,05-09059.00,,HSIP,HSIP 9010(673),ENNEKING PRESSURE CLEANING INC,0501515262501,2025-04-24,245475.43,95802.99
Safety,District 05,Various,254702,05-09058.00,,HSIP,HSIP 9010(672),ENNEKING PRESSURE CLEANING INC,0501500442501,2025-04-24,245475.43,64258.98
Safety,District 05,Various,254702,05-09067.00,,HSIP,HSIP 9010(694),ENNEKING PRESSURE CLEANING INC,0505618652501,2025-04-24,245475.43,51242.09
Safety,District 05,Various,254702,05-09068.00,,HSIP,HSIP 9010(695),ENNEKING PRESSURE CLEANING INC,0505618652502,2025-04-24,245475.43,34171.43
Safety,District 05,Various,254701,05-09060.00,,HSIP,HSIP 9010(684),THE TRUESDELL CORPORATION,0503700602501,2025-04-24,438438.0,47510.44
Safety,District 05,Various,254701,05-09065.00,,HSIP,HSIP 9010(692),THE TRUESDELL CORPORATION,0505618192501,2025-04-24,438438.0,71824.93
Safety,District 05,Various,254701,05-09066.00,,HSIP,HSIP 9010(693),THE TRUESDELL CORPORATION,0505618192502,2025-04-24,438438.0,32561.91
Safety,District 05,Various,254701,05-09061.00,,HSIP,HSIP 9010(688),THE TRUESDELL CORPORATION,0505600642501,2025-04-24,438438.0,30694.81
Safety,District 05,Various,254701,05-09072.00,,HSIP,HSIP 9010(699),THE TRUESDELL CORPORATION,0505600602502,2025-04-24,438438.0,72638.44
Safety,District 05,Various,254701,05-09069.00,,HSIP,HSIP 9010(696),THE TRUESDELL CORPORATION,05056031E2501,2025-04-24,438438.0,80006.59
Safety,District 05,Various,254701,05-09070.00,,HSIP,HSIP 9010(697),THE TRUESDELL CORPORATION,05056031E2502,2025-04-24,438438.0,103200.91
Highway Improvement,District 05,Franklin,251009,05-22031.00,,NHPP,NHPP 0644(098),H G MAYS CORPORATION,DE03700642509,2025-04-24,10498240.7,10498240.7
Pavement Asset Management,District 05,Franklin,252132,,,FD05,FD05 037 0060 000-006,H G MAYS CORPORATION,MP03700602501,2025-03-20,1820996.36,1820996.36
Pavement Asset Management,District 05,Spencer,252115,,,FD05,FD05 108 1392 001-005,LOUISVILLE PAVING COMPANY INC,MP10813922501,2025-03-20,199954.0,199954.0
Safety,District 05,Various,254400,05-09053.00,,HSIP,HSIP 9010(628),GEORGE B STONE CO LLC,0510617792501,2025-03-20,332880.0,82356.37
Safety,District 05,Various,254400,05-09052.00,,HSIP,HSIP 4201(089),GEORGE B STONE CO LLC,0503704212501,2025-03-20,332880.0,111848.58
Safety,District 05,Various,254400,05-09054.00,,HSIP,HSIP 9010(626),GEORGE B STONE CO LLC,0511206252501,2025-03-20,332880.0,138675.05
Pavement Asset Management,District 05,Shelby,252068,,,FD05,FD05 106 0060 019-024,H G MAYS CORPORATION,MP10600602501,2025-02-20,1085267.68,1085267.68
Bridge Asset Management,District 05,Franklin,255371,05-10041.00,"STP, BRZ",,STP BRZ 9030 (489),CENTRAL BRIDGE CO LLC,BR03716652500,2025-02-20,4548989.26,1009600.5
Bridge Asset Management,District 05,Franklin,255371,05-10046.00,"STP, BRZ",,STP BRZ 9030 (490),CENTRAL BRIDGE CO LLC,BR03700122500,2025-02-20,4548989.26,3539388.76
Pavement Asset Management,District 05,Jefferson,252042,,,FD05,FD05 056 031E 000-005,FLYNN BROTHERS CONTRACTING INC,MP056031E2501,2025-01-23,1978600.0,1978600.0
Miscellaneous,District 05,Various,252005,,,FE01,FE01 121 DW25 005000,REYNOLDS-CENTRAL SEAL A JOINT VENTURE,MP12100002505,2025-01-23,4720000.0,4720000.0
Bridge Asset Management,District 05,Jefferson,252944,05-10074.00,,,FJ11 056 0065 B00214L,HALL CONTRACTING OF KENTUCKY INC,MB05600652501,2025-01-23,6895000.0,6895000.0
Highway Improvement,District 05,Jefferson,251102,05-08952.00,STP,,STP 5137 (039),LOUISVILLE PAVING COMPANY INC,DE05600602502,2025-01-23,3026000.0,2619726.91
Highway Improvement,District 05,Jefferson,251102,05-00525.00,,,STPM 3001 464,LOUISVILLE PAVING COMPANY INC,DE05628412502,2025-01-23,3026000.0,406273.09
Pavement Asset Management,District 05,Jefferson,242398,,,FD05,FD05 056 1865 002-004,HALL CONTRACTING OF KENTUCKY INC,MP05618652401,2024-12-12,238750.0,238750.0
Pavement Asset Management,District 05,Henry,242407,,,FD05,FD05 052 0022 007-017,MAGO CONSTRUCTION COMPANY LLC,MP05200222401,2024-12-12,727089.61,727089.61
Pavement Asset Management,District 05,Shelby,242411,,,FD05,FD05 106 0053 000-006,H G MAYS CORPORATION,MP10600532401,2024-12-12,647646.36,647646.36
Pavement Asset Management,District 05,Henry,242414,,,FD05,FD05 052 0241 000-002,FLYNN BROTHERS CONTRACTING INC,MP05202412401,2024-12-12,272443.97,118291.48
Pavement Asset Management,District 05,Henry,242414,,,FD05,FD05 052 0421 024-025,FLYNN BROTHERS CONTRACTING INC,MP05204212401,2024-12-12,272443.97,154152.49
Rural Roads Projects,District 05,Shelby,243119,,,CB06,CB06 106 1408 000-001,LIBS PAVING COMPANY INC,0510614082501,2024-12-12,705400.3,70795.36
Rural Roads Projects,District 05,Shelby,243119,,,CB06,CB06 106 0322 000-003,LIBS PAVING COMPANY INC,0510603222501,2024-12-12,705400.3,182332.27
Rural Roads Projects,District 05,Shelby,243119,,,CB06,CB06 106 0362 000-006,LIBS PAVING COMPANY INC,0510603622501,2024-12-12,705400.3,452272.67
Rural Roads Projects,District 05,Jefferson,243116,,,CB06,CB06 056 1531 009-012,LOUISVILLE PAVING COMPANY INC,05056153125W1,2024-11-14,130650.0,130650.0
Rural Roads Projects,District 05,Spencer,243120,,,CB06,CB06 108 1633 001-004,LOUISVILLE PAVING COMPANY INC,0510816332501,2024-11-14,433450.0,213596.67
Rural Roads Projects,District 05,Spencer,243120,,,CB06,CB06 108 1795 003-006,LOUISVILLE PAVING COMPANY INC,0510817952501,2024-11-14,433450.0,219853.33
Rural Roads Projects,District 05,Trimble,243121,,,CB06,CB06 112 1256 003-005,LOUISVILLE PAVING COMPANY INC,0511212562501,2024-11-14,249750.0,80508.23
Rural Roads Projects,District 05,Trimble,243121,,,CB06,CB06 112 3175 004-007,LOUISVILLE PAVING COMPANY INC,0511231752501,2024-11-14,249750.0,169241.77
Rural Roads Projects,District 05,Franklin,243122,,,CB06,CB06 037 1570 005-007,H G MAYS CORPORATION,0503715702501,2024-11-14,510096.28,84255.68
Rural Roads Projects,District 05,Franklin,243122,,,CB06,CB06 037 0012 000-006,H G MAYS CORPORATION,0503700122501,2024-11-14,510096.28,425840.6
Rural Roads Projects,District 05,Henry,243123,,,CB06,CB06 052 1360 003-007,LOUISVILLE PAVING COMPANY INC,0505213602501,2024-11-14,420850.0,258255.77
Rural Roads Projects,District 05,Henry,243123,,,CB06,CB06 052 1861 000-002,LOUISVILLE PAVING COMPANY INC,0505218612501,2024-11-14,420850.0,162594.23
Bridge Asset Management,District 05,Jefferson,242954,,,FE02,FE02 056 0061 B00031N,M&M SERVICES CO INC,MB05600612402,2024-11-14,1596044.23,617245.23
Bridge Asset Management,District 05,Jefferson,242954,,,FE02,FE02 056 0061 B00032N,M&M SERVICES CO INC,MB05600612403,2024-11-14,1596044.23,501154.12
Bridge Asset Management,District 05,Jefferson,242954,,,FE02,FE02 056 0061 B00030N,M&M SERVICES CO INC,MB05600612401,2024-11-14,1596044.23,477644.88
Highway Improvement,District 05,Shelby,241016,05-00065.00,,NHPP,NHPP IM 0643(046),LOUISVILLE PAVING COMPANY INC,DE10600642418,2024-11-14,118100000.0,43991489.04
Highway Improvement,District 05,Shelby,241016,05-22028.00,,NHPP,NHPP IM 0643(060),LOUISVILLE PAVING COMPANY INC,DE10600642416,2024-11-14,118100000.0,8264056.46
Highway Improvement,District 05,Shelby,241016,05-00065.00,,NHPP,NHPP IM 0643(046),LOUISVILLE PAVING COMPANY INC,DE10600642417,2024-11-14,118100000.0,65844454.54
Rural Roads Projects,District 05,Bullitt,243107,,,CB06,CB06 015 1531 000-001,MAGO CONSTRUCTION COMPANY LLC,0501515312501,2024-10-24,473890.95,69030.72
Rural Roads Projects,District 05,Bullitt,243107,,,CB06,CB06 015 2672 000-001,MAGO CONSTRUCTION COMPANY LLC,0501526722501,2024-10-24,473890.95,98964.19
Rural Roads Projects,District 05,Bullitt,243107,,,CB06,CB06 015 2674 000-004,MAGO CONSTRUCTION COMPANY LLC,0501526742501,2024-10-24,473890.95,305896.04
Pavement Asset Management,District 05,Oldham,242339,,,FD05,FD05 093 0042 006-020,E & B PAVING LLC,MP09300422401,2024-10-24,1539000.0,1539000.0
Pavement Asset Management,District 05,Spencer,242303,,,FD05,FD05 108 0055 011-014,MAGO CONSTRUCTION COMPANY LLC,MP10800552402,2024-09-26,304729.0,304729.0
Pavement Asset Management,District 05,Jefferson,242305,,,FD05,FD05 056 0155 011-014,HALL CONTRACTING OF KENTUCKY INC,MP05601552401,2024-09-26,1294000.0,1294000.0
Rural Roads Projects,District 05,Oldham,243105,,,CB06,CB06 093 0362 000-001,LOUISVILLE PAVING COMPANY INC,0509303622501,2024-09-26,371000.0,39962.09
Rural Roads Projects,District 05,Oldham,243105,,,CB06,CB06 093 0329 007-009,LOUISVILLE PAVING COMPANY INC,0509303292501,2024-09-26,371000.0,130726.63
Rural Roads Projects,District 05,Oldham,243105,,,CB06,CB06 093 1694 003-005,LOUISVILLE PAVING COMPANY INC,0509316942501,2024-09-26,371000.0,200311.27
Bridge Asset Management,District 05,Franklin,242940,05-00805.00,STP,,STP 7341002,HAYDON BRIDGE CO INC J/V C J MAHAN CONSTRUCTION CO LLC,MB03735062401,2024-09-13,10656967.5,10656967.5
Pavement Asset Management,District 05,Franklin,242255,,,FD05,FD05 037 0127 010-011,H G MAYS CORPORATION,MP03701272401,2024-08-22,309055.5,309055.5
Pavement Asset Management,District 05,Jefferson,242278,,,FD05,FD05 056 1631 000-002,LOUISVILLE PAVING COMPANY INC,MP05616312401,2024-08-22,944500.0,751476.31
Pavement Asset Management,District 05,Jefferson,242278,,,FD05,FD05 056 0061 010-012,LOUISVILLE PAVING COMPANY INC,MP05600612401,2024-08-22,944500.0,120257.52
Pavement Asset Management,District 05,Jefferson,242278,,,FD05,FD05 056 2803 000-001,LOUISVILLE PAVING COMPANY INC,MP05628032401,2024-08-22,944500.0,72766.18
Pavement Asset Management,District 05,Various,242282,,,FD05,FD05 093 0329 000-006,LOUISVILLE PAVING COMPANY INC,MP09303292401,2024-08-22,661000.0,532382.59
Pavement Asset Management,District 05,Various,242282,,,FD05,FD05 056 0329 000-001,LOUISVILLE PAVING COMPANY INC,MP05603292401,2024-08-22,661000.0,128617.42
Safety,District 05,Jefferson,244403,,,FE04,FE04 056 0913 002-003,DAVIS H ELLIOT CONSTRUCTION COMPANY INC,0505609132401,2024-07-18,300201.1,70660.09
Safety,District 05,Jefferson,244403,,,FE04,FE04 056 1020 004-005,DAVIS H ELLIOT CONSTRUCTION COMPANY INC,0505610202401,2024-07-18,300201.1,111508.62
Safety,District 05,Jefferson,244403,,,FE04,FE04 056 1694 000-001,DAVIS H ELLIOT CONSTRUCTION COMPANY INC,0505616942401,2024-07-18,300201.1,118032.36
Bridge Asset Management,District 05,Jefferson,245356,05-10007.00,"STP, BRZ",,STP BRZ 9030 (473),HALL CONTRACTING OF KENTUCKY INC,BR05610042400,2024-07-18,845100.0,845099.99
Bridge Asset Management,District 05,Jefferson,245357,05-10058.00,"STP, BRZ",,STP BRZ 9030 (474),E & B PAVING LLC,BR05600642400,2024-07-18,6668250.0,6668250.0
Safety,District 05,Various,244000,05-09046.00,,HSIP,HSIP 9010(573),A & A SAFETY INC,0512199992401,2024-07-18,1032884.75,1032884.75
Pavement Asset Management,District 05,Franklin,242191,,,FD05,FD05 037 0420 002-005,H G MAYS CORPORATION,MP03704202401,2024-06-20,580315.73,422324.07
Pavement Asset Management,District 05,Franklin,242191,,,FD05,FD05 037 1263 001-004,H G MAYS CORPORATION,MP03712632401,2024-06-20,580315.73,157991.66
Pavement Asset Management,District 05,Shelby,242190,,,FD05,FD05 106 1399 000-003,H G MAYS CORPORATION,MP10613992401,2024-06-20,191241.84,191241.84
Pavement Asset Management,District 05,Shelby,242193,,,FD05,FD05 106 0060 008-010,H G MAYS CORPORATION,MP10600602401,2024-06-20,698811.0,698811.0
Pavement Asset Management,District 05,Spencer,242195,,,FD05,FD05 108 0248 002-008,MAGO CONSTRUCTION COMPANY LLC,MP10802482401,2024-06-20,600397.4,600397.4
Pavement Asset Management,District 05,Jefferson,242189,,,FD05,FD05 056 0913 000-002,FLYNN BROTHERS CONTRACTING INC,MP05609132401,2024-06-20,662954.39,662954.39
Pavement Asset Management,District 05,Bullitt,242188,,,FD05,FD05 015 1494 006-008,LOUISVILLE PAVING COMPANY INC,MP01514942401,2024-06-20,113800.0,113800.0
Highway Improvement,District 05,Franklin,241105,05-80212.00,STP,,STP 6000207,L-M ASPHALT PARTNERS LTD D/B/A ATS CONSTRUCTION,DE03701272405,2024-05-23,3998634.26,3998634.26
Pavement Asset Management,District 05,Jefferson,242127,,,FD05,FD05 056 1447 005-007,LOUISVILLE PAVING COMPANY INC,MP05614472401,2024-04-25,376050.0,376050.0
Pavement Asset Management,District 05,Spencer,242129,,,FD05,FD05 108 1392 000-002,MAGO CONSTRUCTION COMPANY LLC,MP10813922401,2024-04-25,131362.93,131362.93
Pavement Asset Management,District 05,Various,242131,,,FD05,FD05 106 0044 003-005,MAGO CONSTRUCTION COMPANY LLC,MP10600442401,2024-04-25,220500.72,99856.01
Pavement Asset Management,District 05,Various,242131,,,FD05,FD05 108 0044 017-020,MAGO CONSTRUCTION COMPANY LLC,MP10800442401,2024-04-25,220500.72,120644.71
Pavement Asset Management,District 05,Spencer,242130,,,FD05,FD05 108 0055 006-012,FLYNN BROTHERS CONTRACTING INC,MP10800552401,2024-04-25,906472.63,906472.63
Pavement Asset Management,District 05,Jefferson,242128,,,FD05,FD05 056 1931 006-008,FLYNN BROTHERS CONTRACTING INC,MP05619312401,2024-04-25,285195.93,285195.93
Bridge Asset Management,District 05,Jefferson,242988,05-10074.00,,,STPBRO 0503 (260),SOUTHERN ROAD & BRIDGE LLC,MB05600652401,2024-04-25,2865160.0,2865160.0
Safety,District 05,Jefferson,244702,05-00959.00,,HSIP,HSIP 9010(589),THE TRUESDELL CORPORATION,0505619312401,2024-04-25,483483.0,36857.12
Safety,District 05,Jefferson,244702,05-09037.00,,HSIP,HSIP 9010(596),THE TRUESDELL CORPORATION,0505609072401,2024-04-25,483483.0,107547.92
Safety,District 05,Jefferson,244702,05-00956.00,,HSIP,HSIP 9010(586),THE TRUESDELL CORPORATION,0505600642401,2024-04-25,483483.0,54762.4
Safety,District 05,Jefferson,244702,05-00960.00,,HSIP,HSIP 9010(590),THE TRUESDELL CORPORATION,0505619312402,2024-04-25,483483.0,41412.9
Safety,District 05,Jefferson,244702,05-09036.00,,HSIP,HSIP 9010(595),THE TRUESDELL CORPORATION,0505608642401,2024-04-25,483483.0,40205.34
Safety,District 05,Jefferson,244702,05-00961.00,,HSIP,HSIP 9010(591),THE TRUESDELL CORPORATION,0505619312403,2024-04-25,483483.0,87810.8
Safety,District 05,Jefferson,244702,05-09042.00,,HSIP,HSIP 9010(601),THE TRUESDELL CORPORATION,0505600602401,2024-04-25,483483.0,65495.31
Safety,District 05,Jefferson,244702,05-09043.00,,HSIP,HSIP 9010(602),THE TRUESDELL CORPORATION,0509300422401,2024-04-25,483483.0,49391.26
Safety,District 05,Various,244703,05-09033.00,,HSIP,HSIP 9010(592),THE TRUESDELL CORPORATION,0505620492401,2024-04-25,353353.0,46065.51
Safety,District 05,Various,244703,05-09041.00,,HSIP,HSIP 9010(600),THE TRUESDELL CORPORATION,05056031W2404,2024-04-25,353353.0,46181.42
Safety,District 05,Various,244703,05-09038.00,,HSIP,HSIP 9010(597),THE TRUESDELL CORPORATION,05056031W2401,2024-04-25,353353.0,57229.93
Safety,District 05,Various,244703,05-09040.00,,HSIP,HSIP 9010(599),THE TRUESDELL CORPORATION,05056031W2403,2024-04-25,353353.0,57229.93
Safety,District 05,Various,244703,05-00955.00,,HSIP,HSIP 9010(585),THE TRUESDELL CORPORATION,0501500442401,2024-04-25,353353.0,89416.27
Safety,District 05,Various,244703,05-09039.00,,HSIP,HSIP 9010(598),THE TRUESDELL CORPORATION,05056031W2402,2024-04-25,353353.0,57229.93
Safety,District 05,Jefferson,244704,05-00958.00,,HSIP,HSIP 9010(588),THE TRUESDELL CORPORATION,0505617472402,2024-04-25,407407.0,50615.88
Safety,District 05,Jefferson,244704,05-09034.00,,HSIP,HSIP 9010(593),THE TRUESDELL CORPORATION,0505600612401,2024-04-25,407407.0,205660.65
Safety,District 05,Jefferson,244704,05-00957.00,,HSIP,HSIP 9010(587),THE TRUESDELL CORPORATION,0505617472401,2024-04-25,407407.0,58355.23
Safety,District 05,Jefferson,244704,05-09035.00,,HSIP,HSIP 9010(594),THE TRUESDELL CORPORATION,0505600612402,2024-04-25,407407.0,92775.24
Highway Improvement,District 05,Franklin,migrtest71225,,,,migrtest71225,JIMJOHNSON123456789123456789123456789,migrtest71225,2024-04-22,106500.0,106500.0
Alternative Delivery Projects,District 05,Jefferson,249999,05-08703.00,,,05056MARKET24,PACE CONTRACTING LLC,05056MARKET24,2024-04-22,9169796.25,9169796.25
Highway Improvement,District 05,Franklin,migrtest71125,,,,migrtest71125,JIMJOHNSON123456789123456789123456789,migrtest71125,2024-04-22,106500.0,106500.0
Pavement Asset Management,District 05,Jefferson,242126,,,FD04,FD04 056 1065 005-008,BLUEGRASS CONTRACTING CORPORATION,MP05610652401,2024-03-21,3357350.0,3357350.0
Pavement Asset Management,District 05,Bullitt,242039,,,FD05,FD05 015 0044 013-023,MAGO CONSTRUCTION COMPANY LLC,MP01500442401,2024-02-22,2575312.77,1568257.76
Pavement Asset Management,District 05,Bullitt,242039,,,FD05,FD05 015 031E 003-006,MAGO CONSTRUCTION COMPANY LLC,MP015031E2401,2024-02-22,2575312.77,1007054.99
Pavement Asset Management,District 05,Henry,242040,,,FD05,FD05 052 0389 019-022,MAGO CONSTRUCTION COMPANY LLC,MP05203892401,2024-02-22,220278.69,220278.69
Miscellaneous,District 05,Various,242005,,,FE01,FE01 121 DW24 005000,OGLESBY CONSTRUCTION INC,MP12100002405,2024-01-25,5689854.01,5689854.03
Pavement Asset Management,District 05,Various,242035,,,FD05,FD05 106 0055 012-021,LOUISVILLE PAVING COMPANY INC,MP10600552401,2024-01-25,914750.0,823651.42
Pavement Asset Management,District 05,Various,242035,,,FD05,FD05 052 0055 000-001,LOUISVILLE PAVING COMPANY INC,MP05200552401,2024-01-25,914750.0,91098.58
Pavement Asset Management,District 05,Oldham,232486,,,FD05,FD05 093 329B 000-003,LOUISVILLE PAVING COMPANY INC,MP093329B2301,2023-12-14,532000.0,532000.0
Bridge Asset Management,District 05,Shelby,235329,05-80104.00,"STP, BRZ",,STP BRZ 9030 (442),LOUISVILLE PAVING COMPANY INC,BR10600122300,2023-12-14,597000.0,597000.0
Highway Improvement,District 05,Oldham,231112,05-22098.00,,NHPP,NHPP 0711(129),LOUISVILLE PAVING COMPANY INC,DE09300712312,2023-12-14,9096999.0,9096999.0
Bridge Asset Management,District 05,Jefferson,232952,05-00136.00,,NHPP,NHPP 0503 (257),ELITE CONTRACTORS INCORPORATED,MB05602652304,2023-12-14,8537904.2,1007620.98
Bridge Asset Management,District 05,Jefferson,232952,05-00136.00,,NHPP,NHPP 0503 (257),ELITE CONTRACTORS INCORPORATED,MB05602652308,2023-12-14,8537904.2,730391.33
Bridge Asset Management,District 05,Jefferson,232952,05-00136.00,,NHPP,NHPP 0503 (257),ELITE CONTRACTORS INCORPORATED,MB05602652313,2023-12-14,8537904.2,807435.1
Bridge Asset Management,District 05,Jefferson,232952,05-00136.00,,NHPP,NHPP 0503 (257),ELITE CONTRACTORS INCORPORATED,MB05602652302,2023-12-14,8537904.2,378589.57
Bridge Asset Management,District 05,Jefferson,232952,05-00136.00,,NHPP,NHPP 0503 (257),ELITE CONTRACTORS INCORPORATED,MB05602652305,2023-12-14,8537904.2,460316.43
Bridge Asset Management,District 05,Jefferson,232952,05-00136.00,,NHPP,NHPP 0503 (257),ELITE CONTRACTORS INCORPORATED,MB05602652307,2023-12-14,8537904.2,743154.25
Bridge Asset Management,District 05,Jefferson,232952,05-00136.00,,NHPP,NHPP 0503 (257),ELITE CONTRACTORS INCORPORATED,MB05602652311,2023-12-14,8537904.2,797667.6
Bridge Asset Management,District 05,Jefferson,232952,05-00136.00,,NHPP,NHPP 0503 (257),ELITE CONTRACTORS INCORPORATED,MB05602652303,2023-12-14,8537904.2,1071102.69
Bridge Asset Management,District 05,Jefferson,232952,05-00136.00,,NHPP,NHPP 0503 (257),ELITE CONTRACTORS INCORPORATED,MB05602652306,2023-12-14,8537904.2,460316.43
Bridge Asset Management,District 05,Jefferson,232952,05-00136.00,,NHPP,NHPP 0503 (257),ELITE CONTRACTORS INCORPORATED,MB05602652309,2023-12-14,8537904.2,569524.59
Bridge Asset Management,District 05,Jefferson,232952,05-00136.00,,NHPP,NHPP 0503 (257),ELITE CONTRACTORS INCORPORATED,MB05602652301,2023-12-14,8537904.2,361427.22
Bridge Asset Management,District 05,Jefferson,232952,05-00136.00,,NHPP,NHPP 0503 (257),ELITE CONTRACTORS INCORPORATED,MB05602652310,2023-12-14,8537904.2,792791.76
Bridge Asset Management,District 05,Jefferson,232952,05-00136.00,,NHPP,NHPP 0503 (257),ELITE CONTRACTORS INCORPORATED,MB05602652312,2023-12-14,8537904.2,357566.21
Bridge Asset Management,District 05,Spencer,235326,05-10095.00,"STP, BRZ",,STP BRZ 9030 (439),E & B PAVING LLC,BR10810602300,2023-12-14,1155000.0,1155000.0
Highway Improvement,District 05,Jefferson,231109,05-08203.00,,FD04,FD04 056 1819 006-008,FLYNN BROTHERS CONTRACTING INC,DE05618192309,2023-11-16,5114852.33,3406818.02
Highway Improvement,District 05,Jefferson,231109,05-08203.00,,FD04,FD04 056 1819 007-008,FLYNN BROTHERS CONTRACTING INC,DE05618192310,2023-11-16,5114852.33,769530.21
Highway Improvement,District 05,Jefferson,231109,05-08203.00,,FD04,FD04 056 1819 007-009,FLYNN BROTHERS CONTRACTING INC,DE05618192311,2023-11-16,5114852.33,938504.1
Bridge Asset Management,District 05,Trimble,232954,05-10107.00,FBP,,FBP 4201(088),THE TRUESDELL CORPORATION,MB112042123W1,2023-11-16,994994.0,994994.0
Safety,District 05,Various,234017,05-00945.00,,HSIP,HSIP 9010(479),EDEN FENCE INC,0512199992305,2023-11-16,3742130.8,3742130.8
Rural Roads Projects,District 05,Franklin,233121,,,CB06,CB06 037 1570 001-006,H G MAYS CORPORATION,0503715702301,2023-10-26,240320.15,240320.15
Rural Roads Projects,District 05,Henry,233122,,,CB06,CB06 052 1360 003-007,MAGO CONSTRUCTION COMPANY LLC,0505213602301,2023-10-26,203945.88,203945.88
Rural Roads Projects,District 05,Spencer,233123,,,CB06,CB06 108 1795 000-004,MAGO CONSTRUCTION COMPANY LLC,0510817952301,2023-10-26,235949.36,235949.36
Rural Roads Projects,District 05,Trimble,233124,,,CB06,CB06 112 1256 000-004,LOUISVILLE PAVING COMPANY INC,0511212562301,2023-10-26,296774.84,296774.84
Rural Roads Projects,District 05,Shelby,233127,,,CB06,CB06 106 0395 017-022,H G MAYS CORPORATION,0510603952301,2023-10-26,625006.55,373449.09
Rural Roads Projects,District 05,Shelby,233127,,,CB06,CB06 106 0636 002-006,H G MAYS CORPORATION,0510606362301,2023-10-26,625006.55,251557.46
Highway Improvement,District 05,Jefferson,231342,05-00193.00,,FD04,FD04 056 0864 014-016,FLYNN BROTHERS CONTRACTING INC,DE05608642342,2023-10-26,2935616.84,2935616.84
Bridge Asset Management,District 05,Bullitt,235322,05-10036.00,"STP, BRZ",,STP BRZ 9030 (431),M&M SERVICES CO INC,BR01511162300,2023-10-26,1031047.29,1031047.29
Highway Improvement,District 05,Bullitt,231339,05-00391.00,STP,,STP 5119 (016),CLEARY CONSTRUCTION INC,DE01504802247,2023-10-26,18740000.0,18740000.0
Highway Improvement,District 05,Trimble,231039,05-08712.00,,FD04,FD04 112 0421 007-008,LOUISVILLE PAVING COMPANY INC,DE11204212339,2023-09-28,1635575.0,1635575.0
Miscellaneous,District 05,Bullitt,232423,05-04307.00,,FD04,FD04 015 1319 000-001,GEORGE B STONE CO LLC,0501513192301,2023-09-28,29321.5,29321.5
Pavement Asset Management,District 05,Bullitt,232426,,,FD05,FD05 015 0061 019-021,HALL CONTRACTING OF KENTUCKY INC,MP01500612302,2023-09-28,399500.0,399500.0
Highway Improvement,District 05,Henry,231107,05-22099.00,,NHPP,NHPP IM 0712(083),LOUISVILLE PAVING COMPANY INC,DE05200712307,2023-09-28,5789263.67,5789263.67
Pavement Asset Management,District 05,Shelby,232244,,,FD05,FD05 106 1871 000-003,LOUISVILLE PAVING COMPANY INC,MP10618712301,2023-08-24,259140.0,226162.02
Pavement Asset Management,District 05,Shelby,232244,,,FD05,FD05 106 1005 000-001,LOUISVILLE PAVING COMPANY INC,MP10610052301,2023-08-24,259140.0,32977.97
Rural Roads Projects,District 05,Bullitt,233082,,,CB06,CB06 015 2724 000-004,LOUISVILLE PAVING COMPANY INC,0501527242403,2023-08-24,866582.0,270839.2
Rural Roads Projects,District 05,Bullitt,233082,,,CB06,CB06 015 1319 000-004,LOUISVILLE PAVING COMPANY INC,0501513192401,2023-08-24,866582.0,328388.19
Rural Roads Projects,District 05,Bullitt,233082,,,CB06,CB06 015 1494 000-004,LOUISVILLE PAVING COMPANY INC,0501514942402,2023-08-24,866582.0,267354.6
Rural Roads Projects,District 05,Oldham,233084,,,CB06,CB06 093 1315 000-002,LOUISVILLE PAVING COMPANY INC,0509313152401,2023-08-24,155345.0,155345.0
Rural Roads Projects,District 05,Oldham,233085,,,CB06,CB06 093 1694 007-009,LOUISVILLE PAVING COMPANY INC,0509316942402,2023-08-24,106237.0,106237.0
Bridge Asset Management,District 05,Franklin,232989,05-10042.00,FBP,,FBP 0644(099),DELONG CONCRETE LLC,MB03700642301,2023-08-24,3665073.0,1829757.9
Bridge Asset Management,District 05,Franklin,232989,05-10043.00,FBP,,FBP 0644(097),DELONG CONCRETE LLC,MB03700642302,2023-08-24,3665073.0,1835315.09
Bridge Asset Management,District 05,Jefferson,232991,,,FE02,FE02 056 B00136N 08.48,JUDY C HARP COMPANY INC,MB05600312301,2023-08-24,210663.25,210663.25
Highway Improvement,District 05,Various,231106,05-22025.00,,NHPP,NHPP 0642 (201),E & B PAVING LLC,DE05600642306,2023-08-24,13989000.0,4568444.49
Highway Improvement,District 05,Various,231106,05-22025.00,,NHPP,NHPP 0642 (201),E & B PAVING LLC,DE10600642306,2023-08-24,13989000.0,9420555.53
Miscellaneous,District 05,Oldham,232387,05-04308.00,,FD04,FD04 093 0362 002-003,EDEN FENCE INC,MP09303622301,2023-07-20,55061.5,55061.5
Pavement Asset Management,District 05,Franklin,232292,,,FD05,FD05 037 0421 003-005,H G MAYS CORPORATION,MP03704212302,2023-07-20,670254.77,670254.77
Pavement Asset Management,District 05,Jefferson,232372,,,FD05,FD05 056 0155 006-007,LOUISVILLE PAVING COMPANY INC,MP05601552301,2023-07-20,275367.0,275367.0
Pavement Asset Management,District 05,Bullitt,232373,,,FD05,FD05 015 1450 001-004,LOUISVILLE PAVING COMPANY INC,MP01514502301,2023-07-20,279409.0,279409.0
Pavement Asset Management,District 05,Jefferson,232374,,,FD05,FD05 056 1747 010-012,LOUISVILLE PAVING COMPANY INC,MP05617472301,2023-07-20,433646.0,433646.0
Pavement Asset Management,District 05,Jefferson,232376,,,FD05,FD05 056 0864 004-007,LOUISVILLE PAVING COMPANY INC,MP05608642301,2023-07-20,497020.0,497020.0
Highway Improvement,District 05,Franklin,236002,05-00585.00,STP,,STP 6000(230),BLUEGRASS CONTRACTING CORPORATION,0503799992301,2023-07-20,325150.0,325150.0
Safety,District 05,Franklin,234305,05-09022.00,,HSIP,HSIP 4201(087),MAC CONSTRUCTION & EXCAVATING INC,0503704212201,2023-07-20,3420000.0,3420000.0
Highway Improvement,District 05,Franklin,231331,,,BC62,BC62 XFFT KY22-00,THE HARPER COMPANY DBA THE W L HARPER CO,DE0370AIR2331,2023-07-20,3832438.13,3832438.13
Bridge Asset Management,District 05,Jefferson,232985,,,FE02,FE02 056 0065 B00183N 134.76,INTECH CONTRACTING LLC,MB05600652301,2023-07-20,139562.5,139562.5
Rural Roads Projects,District 05,Jefferson,233067,,,CB06,CB06 056 1531 001-004,FLYNN BROTHERS CONTRACTING INC,0505615312301,2023-06-22,174952.59,174952.59
Highway Improvement,District 05,Oldham,231033,05-09009.00,,FD04,FD04 093 1793 000-001,LOUISVILLE PAVING COMPANY INC,DE09317932333,2023-06-22,1267000.0,1267000.0
Pavement Asset Management,District 05,Franklin,232333,,,FD04,FD04 037 2261 000-001,H G MAYS CORPORATION,MP03722612301,2023-06-22,464567.5,464567.49
Pavement Asset Management,District 05,Jefferson,232359,,,FD05,FD05 056 1447 001-006,HALL CONTRACTING OF KENTUCKY INC,MP056144723W1,2023-06-22,2099000.0,2099000.0
Safety,District 05,Jefferson,234700,05-00951.00,,HSIP,HSIP 9010(494),THE TRUESDELL CORPORATION,0505600652303,2023-06-22,257257.0,90502.14
Safety,District 05,Jefferson,234700,05-00950.00,,HSIP,HSIP 9010(492),THE TRUESDELL CORPORATION,0505610652301,2023-06-22,257257.0,55434.15
Safety,District 05,Jefferson,234700,05-00947.00,,HSIP,HSIP 8725(014),THE TRUESDELL CORPORATION,0505617472301,2023-06-22,257257.0,111320.7
Safety,District 05,Jefferson,234701,05-00948.00,,HSIP,HSIP 9010(490),THE TRUESDELL CORPORATION,0505600652301,2023-06-22,465465.0,71157.61
Safety,District 05,Jefferson,234701,05-00946.00,,HSIP,HSIP 0711(128),THE TRUESDELL CORPORATION,0505600712301,2023-06-22,465465.0,82070.6
Safety,District 05,Jefferson,234701,05-00949.00,,HSIP,HSIP 9010(491),THE TRUESDELL CORPORATION,0505600652302,2023-06-22,465465.0,202220.02
Safety,District 05,Jefferson,234701,05-00952.00,,HSIP,HSIP 9010(496),THE TRUESDELL CORPORATION,0505600652304,2023-06-22,465465.0,110016.77
Highway Improvement,District 05,Oldham,231104,05-00542.00,,,STPM 3001 499,MAC CONSTRUCTION & EXCAVATING INC,DE09303292304,2023-06-22,4318000.0,4318000.0
Pavement Asset Management,District 05,Franklin,232289,,,FD05,FD05 037 1263 000-002,H G MAYS CORPORATION,MP03712632301,2023-05-25,135090.61,135090.61
Pavement Asset Management,District 05,Bullitt,232111,,,FD05,FD05 056 1865 005-007,LOUISVILLE PAVING COMPANY INC,MP05618652302,2023-05-25,2291040.0,168118.58
Pavement Asset Management,District 05,Bullitt,232111,,,FD05,FD05 056 1865 003-006,LOUISVILLE PAVING COMPANY INC,MP05618652301,2023-05-25,2291040.0,886709.89
Pavement Asset Management,District 05,Bullitt,232111,,,FD05,FD05 056 060A 000-001,LOUISVILLE PAVING COMPANY INC,MP056060A2302,2023-05-25,2291040.0,308468.58
Pavement Asset Management,District 05,Bullitt,232111,,,FD05,FD05 056 1142 000-002,LOUISVILLE PAVING COMPANY INC,MP05611422301,2023-05-25,2291040.0,245493.08
Pavement Asset Management,District 05,Bullitt,232111,,,FD05,FD05 056 1931 008-011,LOUISVILLE PAVING COMPANY INC,MP05619312301,2023-05-25,2291040.0,682249.88
Pavement Asset Management,District 05,Franklin,232243,,,FD05,FD05 037 0421 000-002,H G MAYS CORPORATION,MP03704212301,2023-05-25,266550.15,266550.15
Pavement Asset Management,District 05,Franklin,232245,,,FD05,FD05 037 0420 000-003,H G MAYS CORPORATION,MP03704202301,2023-05-25,262339.53,262339.53
Bridge Asset Management,District 05,Henry,235306,05-10049.00,"STP, BRZ",,STP BRZ 9030 (409),LOUISVILLE PAVING COMPANY INC,BR05218612300,2023-05-25,518000.0,518000.0
Highway Improvement,District 05,Various,231322,04-10056.00,,,STPBRO 0655(128),SCOTTY'S CONTRACTING & STONE LLC,MB04700652302,2023-05-25,64543014.63,947551.91
Highway Improvement,District 05,Various,231322,04-10055.00,,,STPBRO 0655(127),SCOTTY'S CONTRACTING & STONE LLC,MB04700652301,2023-05-25,64543014.63,996630.58
Highway Improvement,District 05,Various,231322,05-22066.00,,NHPP,NHPP 0655(126),SCOTTY'S CONTRACTING & STONE LLC,DE01500652319,2023-05-25,64543014.63,62598832.14
Pavement Asset Management,District 05,Spencer,232291,,,CPTL,CPTL 108 8045 000-002,LOUISVILLE PAVING COMPANY INC,MP10880452301,2023-05-25,240575.0,240575.0
Pavement Asset Management,District 05,Henry,232155,,,FD05,FD05 052 0055 002-005,MAGO CONSTRUCTION COMPANY LLC,MP05200552301,2023-04-27,297345.57,297345.57
Pavement Asset Management,District 05,Shelby,232157,,,FD05,FD05 106 0043 004-009,H G MAYS CORPORATION,MP10600432301,2023-04-27,428635.63,428635.63
Pavement Asset Management,District 05,Shelby,232165,,,FD05,FD05 106 0044 000-004,H G MAYS CORPORATION,MP10600442301,2023-04-27,291291.37,291291.37
Pavement Asset Management,District 05,Bullitt,232248,,,FD05,FD05 015 0061 000-002,MAGO CONSTRUCTION COMPANY LLC,MP01500612301,2023-04-27,236080.9,236080.9
Safety,District 05,Jefferson,234304,05-09019.00,,HSIP,HSIP 8777(011),LOUISVILLE PAVING COMPANY INC,0505619342301,2023-04-27,1135000.0,598797.1
Safety,District 05,Jefferson,234304,05-09019.00,,HSIP,HSIP 8777(012),LOUISVILLE PAVING COMPANY INC,0505619342302,2023-04-27,1135000.0,536202.92
Pavement Asset Management,District 05,Franklin,232154,,,FD05,FD05 037 0060 011-013,H G MAYS CORPORATION,MP03700602301,2023-04-27,343145.79,343145.79
Pavement Asset Management,District 05,Franklin,232221,,,FD51,FD51 037 1659 000-001,MAC CONSTRUCTION & EXCAVATING INC,MP03716592301,2023-04-27,2000000.0,2000000.0
Alternative Delivery Projects,District 05,Jefferson,229001,,,,FJ11 056 0265 037-038,WEBBER INFRASTRUCTURE MANAGEMENT INC,MP05602652201,2023-04-10,20563550.28,20563550.28
Alternative Delivery Projects,District 05,Jefferson,239002,05-02006.00,,FD52,FD52 056 0065 131-136,KIEWIT INFRASTRUCTURE SOUTH CO,DE05600652301,2023-04-10,150000.0,150000.0
Alternative Delivery Projects,District 05,Jefferson,239102,05-02006.00,,FD52,FD52 056 0065 131-136,KIEWIT INFRASTRUCTURE SOUTH CO,DE05600652303,2023-04-10,16.16,16.16
Highway Improvement,District 05,Jefferson,231014,05-20009.00,,NHPP,NHPP 0642 (200),LOUISVILLE PAVING COMPANY INC,DE05600642314,2023-03-23,13200000.0,13200000.0
Highway Improvement,District 05,Morgan,231314,10-08902.00,"STP, BRZ",,STP BRZ 5323 (001),FREDERICK & MAY CONSTRUCTION CO,DE08801912314,2023-03-23,978466.97,978466.97
Pavement Asset Management,District 05,Henry,232131,,,FD05,FD05 052 0146 005-007,MAGO CONSTRUCTION COMPANY LLC,MP05201462301,2023-03-23,141240.45,141240.45
Safety,District 05,Jefferson,234000,05-00944.00,,HSIP,HSIP 9010(474),EDEN FENCE INC,0505699992301,2023-03-23,1240081.08,1240081.08
Pavement Asset Management,District 05,Shelby,232132,,,FD05,FD05 106 0012 000-005,H G MAYS CORPORATION,MP10600122301,2023-03-23,429400.18,429400.18
Pavement Asset Management,District 05,Spencer,232133,,,FD05,FD05 108 0044 014-018,MAGO CONSTRUCTION COMPANY LLC,MP10800442301,2023-03-23,374780.08,374780.08
Highway Improvement,District 05,Jefferson,231009,05-20019.00,,NHPP,NHPP 2652 (027),BLUEGRASS CONTRACTING CORPORATION,DE05602652309,2023-02-23,4906450.0,4906450.0
Highway Improvement,District 05,Jefferson,231311,05-00371.00,STP,,STP 8714 (019),E & B PAVING LLC,DE05600222311,2023-02-23,5137000.0,5137000.0
Bridge Asset Management,District 05,Franklin,232960,,,FE02,FE02 037 1472 B00083N 01.50,DELONG CONCRETE LLC,MB03714722301,2023-01-26,396658.24,201144.94
Bridge Asset Management,District 05,Franklin,232960,,,FE02,FE02 037 1900 B00014N 04.44,DELONG CONCRETE LLC,MB03719002301,2023-01-26,396658.24,195513.29
Rural Roads Projects,District 05,Bullitt,233004,,,CB06,CB06 015 2723 000-003,LOUISVILLE PAVING COMPANY INC,0501527232201,2023-01-26,1057000.0,1057000.0
Miscellaneous,District 05,Various,232005,,,FE01,FE01 121 DW23 005000,REYNOLDS-CENTRAL SEAL A JOINT VENTURE,MP12100002305,2023-01-26,5925000.0,5925000.0
Bridge Asset Management,District 05,Shelby,235253,05-10024.00,"STP, BRZ",,STP BRZ 9030 (346),GALUSHA CONTRACTING LLC,BR10610072300,2023-01-26,336003.14,336003.14
Pavement Asset Management,District 05,Jefferson,222470,,,FD05,FD05 056 3217 000-001,FLYNN BROTHERS CONTRACTING INC,MP05632172201,2022-12-08,583697.81,47274.66
Pavement Asset Management,District 05,Jefferson,222470,,,FD05,FD05 056 3216 000-001,FLYNN BROTHERS CONTRACTING INC,MP05632162201,2022-12-08,583697.81,40744.6
Pavement Asset Management,District 05,Jefferson,222470,,,FD05,FD05 056 3064 000-002,FLYNN BROTHERS CONTRACTING INC,MP05630642201,2022-12-08,583697.81,495678.56
Pavement Asset Management,District 05,Jefferson,222577,,,FD05,FD05 056 0060 000-004,HALL CONTRACTING OF KENTUCKY INC,MP05600602201,2022-12-08,1261000.0,1227041.5
Pavement Asset Management,District 05,Jefferson,222577,,,FE01,FE01 056 0060 000-004,HALL CONTRACTING OF KENTUCKY INC,MP05600602202,2022-12-08,1261000.0,33958.5
Pavement Asset Management,District 05,Shelby,222562,,,FD05,FD05 106 0241 000-003,MAGO CONSTRUCTION COMPANY LLC,MP10602412201,2022-12-08,270638.28,270638.28
Pavement Asset Management,District 05,Jefferson,222578,,,FD05,FD05 056 0042 000-004,FLYNN BROTHERS CONTRACTING INC,MP05600422201,2022-12-08,1098676.04,1098676.04
Bridge Asset Management,District 05,Spencer,225249,05-80150.00,"STP, BRZ",,STP BRZ 9030 (340),LOUISVILLE PAVING COMPANY INC,BR10813192200,2022-12-08,957000.0,957000.0
Highway Improvement,District 05,Henry,221063,05-80260.00,FBP,,FBP 5162(022),E & B PAVING LLC,DE05201462263,2022-12-08,19796500.0,19796500.0
Pavement Asset Management,District 05,Henry,222583,,,FD05,FD05 052 0421 007-011,MAGO CONSTRUCTION COMPANY LLC,MP052042122W1,2022-12-08,405736.1,405736.1
Highway Improvement,District 05,Bullitt,221358,05-00347.00,STP,,STP 5118 (045),LOUISVILLE PAVING COMPANY INC,DE01500442248,2022-11-17,3298000.0,3298000.0
Pavement Asset Management,District 05,Jefferson,222435,,,FD05,FD05 056 1703 000-002,FLYNN BROTHERS CONTRACTING INC,MP05617032201,2022-11-17,543670.5,543670.5
Pavement Asset Management,District 05,Jefferson,222535,,,FD05,FD05 056 1931 003-006,FLYNN BROTHERS CONTRACTING INC,MP05619312202,2022-11-17,529101.41,529101.41
Pavement Asset Management,District 05,Jefferson,222083,,,FD05,FD05 056 031E 010-013,LOUISVILLE PAVING COMPANY INC,MP056031E2202,2022-11-17,1087714.26,1044980.4
Pavement Asset Management,District 05,Jefferson,222083,,,FE01,FE01 056 031E 010-013,LOUISVILLE PAVING COMPANY INC,MP056031E2203,2022-11-17,1087714.26,42733.86
Pavement Asset Management,District 05,Various,224330,,,FD05,FD05 106 0053 009-020,LOUISVILLE PAVING COMPANY INC,MP10600532201,2022-11-17,5766000.0,1302544.93
Safety,District 05,Various,224330,05-09012.00,,FD04,FD04 093 0053 000-004,LOUISVILLE PAVING COMPANY INC,0509300532201,2022-11-17,5766000.0,1343444.75
Safety,District 05,Various,224330,05-09012.00,,FD04,FD04 106 0053 010-020,LOUISVILLE PAVING COMPANY INC,0510600532201,2022-11-17,5766000.0,3120010.31
Pavement Asset Management,District 05,Spencer,222523,,,FD05,FD05 108 0155 000-005,LOUISVILLE PAVING COMPANY INC,MP10801552201,2022-10-20,753543.0,753543.0
Highway Improvement,District 05,Jefferson,221055,05-00367.00,STP,,STP 6000(205),LOUISVILLE PAVING COMPANY INC,DE05630842255,2022-10-20,26784000.0,19337500.42
Highway Improvement,District 05,Jefferson,221055,05-00367.00,STP,,STP 6000(205),LOUISVILLE PAVING COMPANY INC,DE09330842255,2022-10-20,26784000.0,7446499.64
Bridge Asset Management,District 05,Jefferson,225185,05-10019.00,"STP, BRZ",,STP BRZ 9030 (277),SCOTT AND MURPHY INC,BR05610032000,2022-10-20,682575.01,682575.01
Rural Roads Projects,District 05,Jefferson,223087,,,CB06,CB06 056 1531 008-010,LOUISVILLE PAVING COMPANY INC,0505615312202,2022-09-22,141223.4,141223.4
Rural Roads Projects,District 05,Henry,223091,,,CB06,CB06 052 0202 000-011,MAGO CONSTRUCTION COMPANY LLC,0505202022201,2022-09-22,533016.9,533016.9
Rural Roads Projects,District 05,Trimble,223094,,,CB06,CB06 112 1335 000-005,HINKLE CONTRACTING COMPANY LLC,0511213352201,2022-09-22,318734.97,318734.97
Rural Roads Projects,District 05,Franklin,223090,,,CB06,CB06 037 1570 000-002,H G MAYS CORPORATION,0503715702203,2022-09-22,403150.96,139793.63
Rural Roads Projects,District 05,Franklin,223090,,,CB06,CB06 037 1707 000-003,H G MAYS CORPORATION,0503717072201,2022-09-22,403150.96,211787.75
Rural Roads Projects,District 05,Franklin,223090,,,CB06,CB06 037 1681 000-001,H G MAYS CORPORATION,0503716812202,2022-09-22,403150.96,51569.59
Rural Roads Projects,District 05,Spencer,223093,,,CB06,CB06 108 3192 001-003,MAGO CONSTRUCTION COMPANY LLC,0510831922202,2022-09-22,420034.34,113081.45
Rural Roads Projects,District 05,Spencer,223093,,,CB06,CB06 108 3192 000-005,MAGO CONSTRUCTION COMPANY LLC,0510812512201,2022-09-22,420034.34,306952.89
Rural Roads Projects,District 05,Shelby,223092,,,CB06,CB06 106 0636 000-002,H G MAYS CORPORATION,0510606362201,2022-09-22,624059.07,189344.66
Rural Roads Projects,District 05,Shelby,223092,,,CB06,CB06 106 1848 006-001,H G MAYS CORPORATION,0510618482202,2022-09-22,624059.07,434714.41
Bridge Asset Management,District 05,Spencer,222999,05-10097.00,STP,,STP 5118 (048),LOUISVILLE PAVING COMPANY INC,MB1080442201,2022-09-22,1092000.0,1092000.0
Pavement Asset Management,District 05,Shelby,222382,,,FD05,FD05 106 1667 000-001,H G MAYS CORPORATION,MP10616672201,2022-08-18,52610.31,52610.31
Highway Improvement,District 05,Jefferson,221041,05-00808.00,STP,,STP 5125(015),LOUISVILLE PAVING COMPANY INC,DE05601552241,2022-08-18,6450000.0,6450000.0
Highway Improvement,District 05,Oldham,221338,05-00483.00,,NHPP,NHPP 0711 (120),LOUISVILLE PAVING COMPANY INC,DE09300712238,2022-08-18,15925000.0,15924999.99
Rural Roads Projects,District 05,Oldham,223017,,,CB06,CB06 093 0362 000-001,LOUISVILLE PAVING COMPANY INC,0509303622201,2022-07-21,560447.71,86731.16
Rural Roads Projects,District 05,Oldham,223017,,,CB06,CB06 093 1817 003-005,LOUISVILLE PAVING COMPANY INC,0509318172201,2022-07-21,560447.71,177138.11
Rural Roads Projects,District 05,Oldham,223017,,,CB06,CB06 093 1694 001-004,LOUISVILLE PAVING COMPANY INC,0509316942201,2022-07-21,560447.71,296578.44
Safety,District 05,Bullitt,224203,,,FE04,FE04 015 0061 009-010,DAVIS H ELLIOT CONSTRUCTION COMPANY INC,0501500612201,2022-07-21,241659.8,82456.64
Safety,District 05,Bullitt,224203,,,FE04,FE04 015 0061 020-021,DAVIS H ELLIOT CONSTRUCTION COMPANY INC,0501500612202,2022-07-21,241659.8,73536.83
Safety,District 05,Bullitt,224203,,,FE04,FE04 015 0044 018-019,DAVIS H ELLIOT CONSTRUCTION COMPANY INC,0501500442201,2022-07-21,241659.8,85666.33
Alternative Delivery Projects,District 05,Jefferson,229999,,,,CT 625 2200000413,LOUISVILLE PAVING COMPANY INC,0505600652201,2022-06-29,3197000.0,3197000.0
Pavement Asset Management,District 05,Oldham,222262,,,FD05,FD05 093 0146 007-011,MAC CONSTRUCTION & EXCAVATING INC,MP09301462201,2022-06-23,563000.0,563000.0
Pavement Asset Management,District 05,Shelby,222267,,,FD05,FD05 106 0060 011-013,H G MAYS CORPORATION,MP10600602202,2022-06-23,167198.89,167198.89
Pavement Asset Management,District 05,Shelby,222380,,,FD05,FD05 106 0043 000-0005,H G MAYS CORPORATION,MP10600432201,2022-06-23,444935.87,444935.87
Highway Improvement,District 05,Bullitt,221001,05-08856.00,,FD04,FD04 015 0065 117-118,MAC CONSTRUCTION & EXCAVATING INC,DE01500652148,2022-06-23,1770000.0,1770000.0
Highway Improvement,District 05,Jefferson,221031,05-80051.00,,FD04,FD04 056 0264 013-015,MAC CONSTRUCTION & EXCAVATING INC,DE05602642157,2022-06-23,588000.0,588000.0
Pavement Asset Management,District 05,Jefferson,222445,,,FD05,FD05 056 2050 000-002,MAC CONSTRUCTION & EXCAVATING INC,MP05620502202,2022-06-23,371000.0,345817.33
Pavement Asset Management,District 05,Jefferson,222445,,,FE01,FE01 056 2050 000-001,MAC CONSTRUCTION & EXCAVATING INC,mp05620502203,2022-06-23,371000.0,25182.67
Pavement Asset Management,District 05,Shelby,222088,,,FD05,FD05 106 2258 000-001,H G MAYS CORPORATION,MP10622582201,2022-06-23,793449.4,80159.44
Pavement Asset Management,District 05,Shelby,222088,,,FD05,FD05 106 0060 009-012,H G MAYS CORPORATION,MP10600602201,2022-06-23,793449.4,713289.96
Pavement Asset Management,District 05,Jefferson,222132,,,FD05,FD05 056 1450 000-002,MAC CONSTRUCTION & EXCAVATING INC,MP05614502201,2022-06-23,259000.0,259000.0
Pavement Asset Management,District 05,Jefferson,222148,,,FD05,FD05 056 1934 009-011,MAC CONSTRUCTION & EXCAVATING INC,MP05619342201,2022-06-23,242000.0,242000.0
Pavement Asset Management,District 05,Jefferson,222259,,,FD05,FD05 056 0150 000-001,MAC CONSTRUCTION & EXCAVATING INC,MP05601502201,2022-06-23,266700.0,266700.0
Pavement Asset Management,District 05,Jefferson,222357,,,FD05,FD05 056 0155 005-007,MAC CONSTRUCTION & EXCAVATING INC,MP05601552201,2022-06-23,260000.0,260000.0
Pavement Asset Management,District 05,Jefferson,222361,,,FD05,FD05 056 1747 017-019,MAC CONSTRUCTION & EXCAVATING INC,MP05617472201,2022-06-23,595000.0,595000.0
Pavement Asset Management,District 05,Jefferson,222362,,,FD05,FD05 056 3078 000-001,MAC CONSTRUCTION & EXCAVATING INC,MP05630782201,2022-06-23,68000.0,68000.0
Pavement Asset Management,District 05,Jefferson,222364,,,FD05,FD05 056 3082 000-002,HALL CONTRACTING OF KENTUCKY INC,MP05630822201,2022-06-23,407000.0,407000.0
Pavement Asset Management,District 05,Jefferson,222369,,,FD05,FD05 056 0061 010-013,FLYNN BROTHERS CONTRACTING INC,MP05600612201,2022-06-23,629582.41,629582.41
Pavement Asset Management,District 05,Franklin,222265,,,FD05,FD05 037 2259 000-001,H G MAYS CORPORATION,MP03722592201,2022-06-23,135078.05,135078.05
Pavement Asset Management,District 05,Bullitt,222363,,,FD05,FD05 015 2553 000-001,MAGO CONSTRUCTION COMPANY LLC,MP01525532201,2022-06-23,60682.4,60682.4
Safety,District 05,Jefferson,224317,05-00939.00,,HSIP,HSIP 8753(010),REYNOLDS-CENTRAL SEAL A JOINT VENTURE,0505617472202,2022-06-23,628882.0,628882.0
Safety,District 05,Various,224202,,,FE04,FE04 056 0071 001-002,ARROW ELECTRIC CO INC,0505600712201,2022-06-23,296707.0,100165.72
Safety,District 05,Various,224202,,,FE04,FE04 093 329B 001-002,ARROW ELECTRIC CO INC,05093329B2201,2022-06-23,296707.0,88184.15
Safety,District 05,Various,224202,,,FE04,FE04 093 0071 018-019,ARROW ELECTRIC CO INC,0509300712201,2022-06-23,296707.0,108357.11
Safety,District 05,Various,224318,05-09018.00,,HSIP,HSIP 1601(028),LOUISVILLE PAVING COMPANY INC,0503700602201,2022-06-23,782000.0,169215.92
Safety,District 05,Various,224318,05-09018.00,,HSIP,HSIP 5125(017),LOUISVILLE PAVING COMPANY INC,0510801552201,2022-06-23,782000.0,379686.52
Safety,District 05,Various,224318,05-09018.00,,HSIP,HSIP 1551(029),LOUISVILLE PAVING COMPANY INC,0510600552202,2022-06-23,782000.0,233097.56
Highway Improvement,District 05,Franklin,221335,,,BC62,BC62 XFFT KY22-00,THE HARPER COMPANY DBA THE W L HARPER CO,DE0370AIR2200,2022-06-23,2582729.34,2582729.34
Pavement Asset Management,District 05,Franklin,222277,,,FD05,FD05 037 0060 011-012,H G MAYS CORPORATION,MP03700602201,2022-05-26,139830.55,139830.55
Pavement Asset Management,District 05,Franklin,222374,,,FD05,FD05 037 0421 011-018,H G MAYS CORPORATION,MP03704212201,2022-05-26,868953.15,868953.15
Pavement Asset Management,District 05,Franklin,222298,,,FD05,FD05 037 0460 004-007,H G MAYS CORPORATION,MP03704602201,2022-05-26,123978.9,123978.9
Pavement Asset Management,District 05,Jefferson,222308,,,FD05,FD05 056 1819 008-010,MAC CONSTRUCTION & EXCAVATING INC,MP05618192201,2022-05-26,187750.0,187750.0
Pavement Asset Management,District 05,Jefferson,222312,,,FD05,FD05 056 2860 000-001,MAC CONSTRUCTION & EXCAVATING INC,MP05628602201,2022-05-26,284500.0,284500.0
Highway Improvement,District 05,Jefferson,221323,05-20014.00,,NHPP,NHPP 0711 (126),LOUISVILLE PAVING COMPANY INC,DE05600712223,2022-05-26,7648000.0,7648000.0
Safety,District 05,Jefferson,224301,05-00943.00,,HSIP,HSIP 2641(185),A & A SAFETY INC,05056031W2201,2022-05-26,122214.4,122214.4
Highway Improvement,District 05,Jefferson,221320,05-00264.00,,FD04,FD04 056 031E 004-005,E & B PAVING LLC,DE056031E2004,2022-05-26,1432610.33,1432610.33
Safety,District 05,Jefferson,224313,05-09030.00,,FD04,FD04 056 031E 014-016,E & B PAVING LLC,05056031E2201,2022-05-26,1335222.0,1335222.0
Pavement Asset Management,District 05,Shelby,222264,,,FD05,FD05 106 0044 004-008,H G MAYS CORPORATION,MP10600442201,2022-04-28,272168.81,272168.81
Safety,District 05,Various,224312,05-00942.00,,HSIP,HSIP 9010(456),W L MARKERS INC,0512199992201,2022-04-28,1125662.25,1125662.25
Pavement Asset Management,District 05,Spencer,222271,,,FD05,FD05 108 2814 000-002,MAGO CONSTRUCTION COMPANY LLC,MP10828142201,2022-04-28,124176.46,124176.46
Pavement Asset Management,District 05,Jefferson,222275,,,FD05,FD05 056 0913 003-005,LOUISVILLE PAVING COMPANY INC,MP05609132201,2022-04-28,580547.13,580547.13
Bridge Asset Management,District 05,Kenton,222903,,,FE02,FE02 059 0275 B00059R,M&M SERVICES CO INC,MB05902752201,2022-04-28,869672.4,425004.81
Bridge Asset Management,District 05,Kenton,222903,,,FE02,FE02 059 1303 B00051N,M&M SERVICES CO INC,MB05913032201,2022-04-28,869672.4,80278.04
Bridge Asset Management,District 05,Kenton,222903,,,FE02,FE02 059 0075 B00072N,M&M SERVICES CO INC,MB05900752201,2022-04-28,869672.4,364389.53
Safety,District 05,Jefferson,224309,05-09016.00,,HSIP,HSIP 8744(005),MAC CONSTRUCTION & EXCAVATING INC,DE05608642035,2022-04-28,1493888.0,612977.27
Safety,District 05,Jefferson,224309,05-09019.00,,HSIP,HSIP 8732(019),MAC CONSTRUCTION & EXCAVATING INC,0505610652201,2022-04-28,1493888.0,143107.36
Safety,District 05,Jefferson,224309,05-09019.00,,HSIP,HSIP 8774(010),MAC CONSTRUCTION & EXCAVATING INC,0505618652201,2022-04-28,1493888.0,438212.93
Safety,District 05,Jefferson,224309,05-09019.00,,HSIP,HSIP 8725(013),MAC CONSTRUCTION & EXCAVATING INC,0505617472201,2022-04-28,1493888.0,299590.42
Bridge Asset Management,District 05,Jefferson,222974,,,FE02,FE02 056 031E B00105N,LOUISVILLE PAVING COMPANY INC,MB056031E2201,2022-04-28,2388000.0,2388000.0
Safety,District 05,Shelby,224200,,,FE04,FE04 106 0055 006-009,DAVIS H ELLIOT CONSTRUCTION COMPANY INC,0510600552201,2022-03-24,130000.0,130000.0
Safety,District 05,Shelby,224306,05-09023.00,,HSIP,HSIP 9010(405),RAME CONTRACTING LLC,0510618482201,2022-03-24,1082460.58,1082460.58
Pavement Asset Management,District 05,Bullitt,222084,,,FD05,FD05 015 1020 000-003,MAGO CONSTRUCTION COMPANY LLC,MP01510202201,2022-03-24,230970.81,230970.81
Safety,District 05,Jefferson,224307,05-00938.00,,HSIP,HSIP 2641(184),REYNOLDS-CENTRAL SEAL A JOINT VENTURE,0505602642101,2022-03-24,1362500.0,1362500.0
Safety,District 05,Jefferson,224308,05-09021.00,,HSIP,HSIP 5125(016),E & B PAVING LLC,0505601552201,2022-03-24,1013062.0,1013062.0
Safety,District 05,Jefferson,224305,05-09013.00,,HSIP,HSIP 8751(018),REYNOLDS SEALING AND STRIPING INC,0505608642001,2022-02-24,306509.15,126160.13
Safety,District 05,Jefferson,224305,05-09013.00,,HSIP,HSIP 1501(121),REYNOLDS SEALING AND STRIPING INC,0505600312102,2022-02-24,306509.15,31698.45
Safety,District 05,Jefferson,224305,05-09019.00,,HSIP,HSIP 8801(010),REYNOLDS SEALING AND STRIPING INC,0505610212101,2022-02-24,306509.15,32595.6
Safety,District 05,Jefferson,224305,05-09013.00,,HSIP,HSIP 9010(404),REYNOLDS SEALING AND STRIPING INC,0505619312101,2022-02-24,306509.15,27026.19
Safety,District 05,Jefferson,224305,05-09013.00,,HSIP,HSIP 0311(043),REYNOLDS SEALING AND STRIPING INC,0505600312101,2022-02-24,306509.15,44778.82
Safety,District 05,Jefferson,224305,05-09013.00,,HSIP,HSIP 0311(044),REYNOLDS SEALING AND STRIPING INC,0505600312003,2022-02-24,306509.15,44249.97
Pavement Asset Management,District 05,Trimble,222175,,,FD05,FD05 112 0036 000-003,HINKLE CONTRACTING COMPANY LLC,MP11200362201,2022-02-24,160218.7,160218.7
Rural Roads Projects,District 05,Bullitt,223002,,,CB06,CB06 015 1526 000-004,MAGO CONSTRUCTION COMPANY LLC,0501515262201,2022-02-24,538090.44,312319.31
Rural Roads Projects,District 05,Bullitt,223002,,,CB06,CB06 015 1494 003-007,MAGO CONSTRUCTION COMPANY LLC,0501514942201,2022-02-24,538090.44,225771.13
Rural Roads Projects,District 05,Jefferson,223003,,,CB06,CB06 056 2053 001-003,LOUISVILLE PAVING COMPANY INC,0505620532201,2022-02-24,173098.66,123653.06
Rural Roads Projects,District 05,Jefferson,223003,,,CB06,CB06 056 1531 004-005,LOUISVILLE PAVING COMPANY INC,0505615312201,2022-02-24,173098.66,49445.61
Bridge Asset Management,District 05,Jefferson,225221,05-80109.00,,FD04,FD04 056 1703 004-005,E & B PAVING LLC,BR05617032100,2022-02-24,559302.0,559301.99
Pavement Asset Management,District 05,Spencer,222037,,,FD05,FD05 108 0048 001-006,MAGO CONSTRUCTION COMPANY LLC,MP10800482201,2022-02-24,279676.6,279676.6
Pavement Asset Management,District 05,Jefferson,222080,,,FD05,FD05 056 031E 015-017,E & B PAVING LLC,MP056031E2201,2022-02-24,389552.0,389552.0
Pavement Asset Management,District 05,Henry,222086,,,FD05,FD05 052 0146 006-010,MAGO CONSTRUCTION COMPANY LLC,MP05201462201,2022-02-24,361567.22,361567.22
Miscellaneous,District 05,Various,222249,,,FE01,FE01 121 DW22 005000,OGLESBY CONSTRUCTION INC,MP12100002205,2022-02-24,3420361.64,3420361.64
Miscellaneous,District 05,Various,222254,,,FE01,FE01 056 CW22 005000,OGLESBY CONSTRUCTION INC,MP1210002205A,2022-02-24,3166852.4,3166852.4
Pavement Asset Management,District 05,Bullitt,222120,,,FD05,FD05 015 0480 000-002,LOUISVILLE PAVING COMPANY INC,MP01504802101,2022-01-27,320150.21,320150.21
Pavement Asset Management,District 05,Bullitt,222121,,,FD05,FD05 015 1526 011-013,HALL CONTRACTING OF KENTUCKY INC,MP01515262101,2022-01-27,515000.0,515000.0
Pavement Asset Management,District 05,Jefferson,222156,,,FD05,FD05 056 0146 000-003,E & B PAVING LLC,MP05601462102,2022-01-27,746607.12,746607.12
Pavement Asset Management,District 05,Jefferson,222162,,,FD05,FD05 056 0146 004-007,LOUISVILLE PAVING COMPANY INC,MP05601462101,2022-01-27,230295.62,230295.62
Pavement Asset Management,District 05,Shelby,212505,,,FD05,FD05 106 0055 005-008,LOUISVILLE PAVING COMPANY INC,MP10600552101,2021-12-10,427875.65,427875.65
Pavement Asset Management,District 05,Spencer,212506,,,FD05,FD05 108 0044 007-009,MAGO CONSTRUCTION COMPANY LLC,MP10800442102,2021-12-10,115614.0,115614.0
Highway Improvement,District 05,Oldham,211053,05-20056.00,,NHPP,NHPP 0711(127),E & B PAVING LLC,DE09300712153,2021-11-19,4071375.0,4071375.0
Safety,District 05,Various,214215,05-09017.00,,HSIP,HSIP 5177 (005),RAME CONTRACTING LLC,0512100552101,2021-11-19,3075568.16,3075568.16
Highway Improvement,District 05,Bullitt,211348,05-00391.00,STP,,STP 5119 (011),FLYNN BROTHERS CONTRACTING INC,DE01504802148,2021-11-19,8051777.12,8051777.12
Bridge Asset Management,District 05,Jefferson,212609,,,FE02,FE02 056 0265 B00088N,M&M SERVICES CO INC,MB05602652101,2021-09-24,599631.39,599631.39
Rural Roads Projects,District 05,Spencer,213186,,,CB06,CB06 108 0636 000-004,LOUISVILLE PAVING COMPANY INC,0510806362101,2021-09-24,509695.0,353716.65
Rural Roads Projects,District 05,Spencer,213186,,,CB06,CB06 108 1169 000-003,LOUISVILLE PAVING COMPANY INC,0510811692101,2021-09-24,509695.0,155978.35
Rural Roads Projects,District 05,Shelby,213185,,,CB06,CB06 106 1472 005-011,H G MAYS CORPORATION,0510614722101,2021-09-24,368579.92,368579.92
Safety,District 05,Jefferson,214111,,,FE04,FE04 056 1819 005-006,ARROW ELECTRIC CO INC,0505618192102,2021-09-24,187714.1,59144.68
Safety,District 05,Jefferson,214111,,,FE04,FE04 056 0864 003-004,ARROW ELECTRIC CO INC,0505608642101,2021-09-24,187714.1,58760.05
Safety,District 05,Jefferson,214111,,,FE04,FE04 056 3084 001-002,ARROW ELECTRIC CO INC,0505630842101,2021-09-24,187714.1,69809.37
Bridge Asset Management,District 05,Jefferson,215189,05-10011.00,,FD04,FD04 056 1096 000-001,M&M SERVICES CO INC,BR05610962000,2021-09-24,480265.64,480265.64
Safety,District 05,Franklin,214214,05-00187.00,,NHPP,NHPP 1601(008),BLUEGRASS CONTRACTING CORPORATION,0503700602102,2021-09-24,2537600.0,2537600.0
Highway Improvement,District 05,Shelby,211338,05-20033.00,,NHPP,NHPP IM 0643 (059),LOUISVILLE PAVING COMPANY INC,DE10600642138,2021-09-24,8929500.0,8929500.0
Highway Improvement,District 05,Franklin,211039,05-02035.00,,NHPP,NHPP 0643(058),KAY & KAY CONTRACTING LLC,DE03700642140,2021-08-20,30244420.6,22289285.05
Highway Improvement,District 05,Franklin,211039,05-02035.00,,NHPP,NHPP 0643(058),KAY & KAY CONTRACTING LLC,DE03700642139,2021-08-20,30244420.6,7955135.57
Pavement Asset Management,District 05,Jefferson,212189,,,FD05,FD05 056 1747 004-008,LOUISVILLE PAVING COMPANY INC,MP05617472101,2021-08-20,1302316.12,1302316.12
Pavement Asset Management,District 05,Jefferson,212299,,,FD05,FD05 056 0155 006-009,LOUISVILLE PAVING COMPANY INC,MP05601552102,2021-08-20,517137.33,517137.33
Pavement Asset Management,District 05,Franklin,212304,,,FD05,FD05 037 0127 011-022,LOUISVILLE PAVING COMPANY INC,MP03701272101,2021-08-20,1625515.22,1625515.22
Rural Roads Projects,District 05,Trimble,213148,,,CB06,CB06 112 2870 000-004,LOUISVILLE PAVING COMPANY INC,0511228702101,2021-08-20,172152.38,172152.38
Rural Roads Projects,District 05,Oldham,213134,,,CB06,CB06 093 0362 001-003,LOUISVILLE PAVING COMPANY INC,0509303622101,2021-08-20,277880.41,123106.16
Rural Roads Projects,District 05,Oldham,213134,,,CB06,CB06 093 1793 000-003,LOUISVILLE PAVING COMPANY INC,0509317932102,2021-08-20,277880.41,89278.11
Rural Roads Projects,District 05,Oldham,213134,,,CB06,CB06 093 2857 000-001,LOUISVILLE PAVING COMPANY INC,0509328572101,2021-08-20,277880.41,65496.14
Rural Roads Projects,District 05,Franklin,213144,,,CB06,CB06 037 1665 008-012,H G MAYS CORPORATION,0503716652101,2021-08-20,342633.89,238908.26
Rural Roads Projects,District 05,Franklin,213144,,,CB06,CB06 037 1707 002-005,H G MAYS CORPORATION,0503717072102,2021-08-20,342633.89,103725.63
Rural Roads Projects,District 05,Henry,213147,,,CB06,CB06 052 0389 007-012,LOUISVILLE PAVING COMPANY INC,0505203892103,2021-08-20,372825.53,152087.83
Rural Roads Projects,District 05,Henry,213147,,,CB06,CB06 052 0157 000-003,LOUISVILLE PAVING COMPANY INC,0505201572101,2021-08-20,372825.53,72427.84
Rural Roads Projects,District 05,Henry,213147,,,CB06,CB06 052 0153 000-003,LOUISVILLE PAVING COMPANY INC,0505201532102,2021-08-20,372825.53,148309.86
Bridge Asset Management,District 05,Shelby,215205,05-10034.00,"STP, BRZ",,STP BRZ 9030 (304),SCOTT AND MURPHY INC,BR10606362100,2021-06-25,894492.14,894492.14
Highway Improvement,District 05,Jefferson,211022,05-00807.00,,FD39,FD39 056 0146 006-007,MAC CONSTRUCTION & EXCAVATING INC,DE05601462101,2021-06-25,997000.0,997000.0
Pavement Asset Management,District 05,Henry,212229,,,FD05,FD05 052 0421 006-008,MAGO CONSTRUCTION COMPANY LLC,MP05204212102,2021-06-25,144127.93,144127.93
Pavement Asset Management,District 05,Jefferson,212254,,,FD05,FD05 056 060A 009-011,HALL CONTRACTING OF KENTUCKY INC,MP056060A2101,2021-06-25,448000.0,367201.55
Pavement Asset Management,District 05,Jefferson,212254,,,FD05,FD05 056 0060 003-004,HALL CONTRACTING OF KENTUCKY INC,MP05600602101,2021-06-25,448000.0,80798.46
Rural Roads Projects,District 05,Shelby,213103,,,CB01,CB01 106 2861 000-002,LOUISVILLE PAVING COMPANY INC,0510628612102,2021-06-25,265000.0,265000.0
Pavement Asset Management,District 05,Jefferson,212605,05-10015.00,,FD04,FD04 056 0064 B00292N,M&M SERVICES CO INC,MB05600642104,2021-06-25,1632997.98,596794.8
Pavement Asset Management,District 05,Jefferson,212605,05-10015.00,,FD04,FD04 056 0064 B00142N,M&M SERVICES CO INC,MB05600642105,2021-06-25,1632997.98,1036203.18
Highway Improvement,District 05,Oldham,211319,05-00444.00,,,CM 5158 (018),MAC CONSTRUCTION & EXCAVATING INC,DE09300532119,2021-05-21,1587000.0,1587000.0
Pavement Asset Management,District 05,Jefferson,212097,,,FD05,FD05 056 031E 005-011,LOUISVILLE PAVING COMPANY INC,MP056031E2101,2021-05-21,1729929.72,1729929.72
Pavement Asset Management,District 05,Franklin,212222,,,FD39,FD39 037 0898 000-003,H G MAYS CORPORATION,MP03708982101,2021-05-21,278071.75,278071.75
Rural Roads Projects,District 05,Jefferson,213089,,,CB06,CB06 056 1531 003-005,MAC CONSTRUCTION & EXCAVATING INC,0505615312103,2021-05-21,65312.02,65312.02
Pavement Asset Management,District 05,Henry,212169,,,FD05,FD05 052 0421 021-025,LOUISVILLE PAVING COMPANY INC,MP05204212101,2021-04-23,317384.89,317384.89
Pavement Asset Management,District 05,Franklin,212170,,,FD05,FD05 037 3163 000-001,H G MAYS CORPORATION,MP03731632101,2021-04-23,49464.59,49464.59
Pavement Asset Management,District 05,Bullitt,212206,05-05015.00,,FD04,FD04 015 1494 005-006,E & B PAVING LLC,MP01514942101,2021-04-23,1269552.0,1269552.0
Pavement Asset Management,District 05,Jefferson,212098,,,FD05,FD05 056 1447 006-010,E & B PAVING LLC,MP05614472101,2021-04-23,937652.0,937652.01
Rural Roads Projects,District 05,Jefferson,213068,,,CB06,CB06 056 2053 000-002,LOUISVILLE PAVING COMPANY INC,0505620532101,2021-04-23,191533.78,191533.78
Safety,District 05,Various,214401,05-00941.00,,HSIP,HSIP 8729(008),THE TRUESDELL CORPORATION,0505618192101,2021-04-23,98098.0,39509.99
Safety,District 05,Various,214401,05-00940.00,,HSIP,HSIP 5157(007),THE TRUESDELL CORPORATION,0510600532101,2021-04-23,98098.0,58588.01
Rural Roads Projects,District 05,Bullitt,213080,,,CB06,CB06 015 1417 000-003,MAGO CONSTRUCTION COMPANY LLC,0501514172101,2021-04-23,569708.81,139896.17
Rural Roads Projects,District 05,Bullitt,213080,,,CB06,CB06 015 3219 000-003,MAGO CONSTRUCTION COMPANY LLC,0501532192103,2021-04-23,569708.81,157946.08
Rural Roads Projects,District 05,Bullitt,213080,,,CB06,CB06 015 2673 000-004,MAGO CONSTRUCTION COMPANY LLC,0501526732102,2021-04-23,569708.81,271866.55
Pavement Asset Management,District 05,Henry,212124,,,FD05,FD05 052 0146 000-003,LOUISVILLE PAVING COMPANY INC,MP05201462101,2021-03-19,155611.83,155611.83
Pavement Asset Management,District 05,Spencer,212145,,,FD05,FD05 108 0044 000-008,LOUISVILLE PAVING COMPANY INC,MP10800442101,2021-03-19,545640.17,545640.17
Pavement Asset Management,District 05,Shelby,212146,,,FD05,FD05 106 2862 000-002,LOUISVILLE PAVING COMPANY INC,MP10628622101,2021-03-19,114335.4,114335.4
Pavement Asset Management,District 05,Shelby,212147,,,FD05,FD05 106 0395 008-017,LOUISVILLE PAVING COMPANY INC,MP10603952101,2021-03-19,465171.43,465171.43
Pavement Asset Management,District 05,Jefferson,212115,,,FD05,FD05 056 0155 015-017,FLYNN BROTHERS CONTRACTING INC,MP05601552101,2021-03-19,304792.91,304792.91
Bridge Asset Management,District 05,Jefferson,215166,05-10018.00,"STP, BRZ",,STP BRZ 9030 (243),LOUISVILLE PAVING COMPANY INC,BR05600311900,2021-02-19,686000.0,686000.0
Miscellaneous,District 05,Various,212080,05-04305.00,STP,,STP 9041 (009),GEORGE B STONE CO LLC,MP015152621001,2021-02-19,43250.0,17776.89
Miscellaneous,District 05,Various,212080,05-04306.00,STP,,STP 9041 (010),GEORGE B STONE CO LLC,MP09317932101,2021-02-19,43250.0,25473.11
Pavement Asset Management,District 05,Shelby,212092,,,FD05,FD05 106 0044 007-011,H G MAYS CORPORATION,MP10600442101,2021-02-19,158081.99,158081.99
Rural Roads Projects,District 05,Shelby,213039,,,CB06,CB06 106 2867 000-003,H G MAYS CORPORATION,0510628672001,2021-01-29,500708.36,196394.81
Rural Roads Projects,District 05,Shelby,213039,,,CB06,CB06 106 1005 006-012,H G MAYS CORPORATION,0510610052001,2021-01-29,500708.36,304313.55
Pavement Asset Management,District 05,Shelby,212019,,,FD05,FD05 106 055X 000-003,LOUISVILLE PAVING COMPANY INC,MP106055X2101,2021-01-29,196446.86,196446.86
Pavement Asset Management,District 05,Trimble,212024,,,FD05,FD05 112 0421 006-019,LOUISVILLE PAVING COMPANY INC,MP11204212101,2021-01-29,863019.9,863019.9
Pavement Asset Management,District 05,Spencer,212058,,,FD05,FD05 108 3200 000-002,MAGO CONSTRUCTION COMPANY LLC,MP10832002001,2021-01-29,137225.8,137225.8
Bridge Asset Management,District 05,Franklin,212601,,,FE02,FE02 037 060X B00065N,JUDY C HARP COMPANY INC,MB037060X2101,2021-01-29,144307.63,144307.63
Rural Roads Projects,District 05,Franklin,213011,,,CB06,CB06 037 2815 000-004,H G MAYS CORPORATION,0503728152001,2021-01-29,160701.65,160701.65
Rural Roads Projects,District 05,Spencer,213013,,,CB06,CB06 108 1060 000-005,MAGO CONSTRUCTION COMPANY LLC,0510810602002,2021-01-29,278602.0,278602.0
Rural Roads Projects,District 05,Trimble,213014,,,CB06,CB06 112 0316 000-004,LOUISVILLE PAVING COMPANY INC,0511203162002,2021-01-29,185553.82,185553.82
Rural Roads Projects,District 05,Oldham,213016,,,CB06,CB06 093 2854 000-003,LOUISVILLE PAVING COMPANY INC,0509328542001,2021-01-29,262898.31,175686.13
Rural Roads Projects,District 05,Oldham,213016,,,CB06,CB06 093 1694 000-001,LOUISVILLE PAVING COMPANY INC,0509316942002,2021-01-29,262898.31,87212.18
Miscellaneous,District 05,Various,212005,,,FE01,FE01 121 DW21 005000,REYNOLDS-CENTRAL SEAL A JOINT VENTURE,MP121000002105,2021-01-29,4621000.0,4621000.0
Rural Roads Projects,District 05,Henry,213012,,,CB06,CB06 052 0202 001-006,MAGO CONSTRUCTION COMPANY LLC,0505202022001,2021-01-29,232402.52,232402.52
Highway Improvement,District 05,Jefferson,201038,05-00247.00,STP,,STP 3001(546),LOUISVILLE PAVING COMPANY INC,DE05614502038,2020-12-11,10980000.0,10980000.0
Highway Improvement,District 05,Jefferson,201012,05-00759.00,,,STPM 8718 (014),LOUISVILLE PAVING COMPANY INC,DE05601462012,2020-12-11,111000.0,111000.0
Pavement Asset Management,District 05,Shelby,202271,05-20057.00,STP,,STP 9040 (031),LOUISVILLE PAVING COMPANY INC,MP10600602001,2020-10-09,1234058.48,1234058.48
Pavement Asset Management,District 05,Franklin,202171,05-20058.00,STP,,STP 9040 (009),H G MAYS CORPORATION,MP03735052001,2020-10-09,663223.71,30485.85
Pavement Asset Management,District 05,Franklin,202171,05-20058.00,,NHPP,NHPP 9040 (009),H G MAYS CORPORATION,MP03701272002,2020-10-09,663223.71,378545.25
Pavement Asset Management,District 05,Franklin,202171,05-20058.00,STP,,STP 9040 (009),H G MAYS CORPORATION,MP03722612001,2020-10-09,663223.71,254192.6
Highway Improvement,District 05,Jefferson,201031,05-10032.00,,NHPP,NHPP 0656(087),M&M SERVICES CO INC,DE05600652031,2020-09-25,137500.0,137500.0
Highway Improvement,District 05,Jefferson,201007,05-20020.00,,NHPP,NHPP IM 2652 (026),MAC CONSTRUCTION & EXCAVATING INC,DE05602652007,2020-09-25,3487000.0,3487000.0
Pavement Asset Management,District 05,Bullitt,202150,,,FD05,FD05 015 6313 000-002,MAGO CONSTRUCTION COMPANY LLC,MP01563132001,2020-09-25,157582.4,157582.4
Pavement Asset Management,District 05,Bullitt,202261,,,FD05,FD05 015 031E 000-004,LOUISVILLE PAVING COMPANY INC,MP015031E2001,2020-09-25,555675.32,555675.32
Pavement Asset Management,District 05,Jefferson,202170,,,FD05,FD05 056 031W 020-023,LOUISVILLE PAVING COMPANY INC,MP056031W2001,2020-09-25,564690.17,564690.17
Pavement Asset Management,District 05,Jefferson,202210,,,FD05,FD05 056 1865 000-001,FLYNN BROTHERS CONTRACTING INC,MP05618652001,2020-09-25,216228.67,216228.67
Pavement Asset Management,District 05,Jefferson,202229,,,FD05,FD05 056 1934 010-012,FLYNN BROTHERS CONTRACTING INC,MP05619342001,2020-09-25,258017.27,258017.27
Pavement Asset Management,District 05,Jefferson,202236,,,FD05,FD05 056 1020 007-010,FLYNN BROTHERS CONTRACTING INC,MP05610202001,2020-09-25,325383.93,325383.93
Pavement Asset Management,District 05,Jefferson,202259,,,FD05,FD05 056 6323 000-001,MAC CONSTRUCTION & EXCAVATING INC,MP05663232001,2020-09-25,52100.0,52100.0
Pavement Asset Management,District 05,Jefferson,202260,,,FD05,FD05 056 0864 006-008,FLYNN BROTHERS CONTRACTING INC,MP05608642001,2020-09-25,40411.04,40411.04
Pavement Asset Management,District 05,Henry,202146,,,FD05,FD05 052 0022 007-008,MAGO CONSTRUCTION COMPANY LLC,MP05200222001,2020-09-25,214015.8,29951.69
Pavement Asset Management,District 05,Henry,202146,,,FD05,FD05 052 0055 000-002,MAGO CONSTRUCTION COMPANY LLC,MP05200552001,2020-09-25,214015.8,184064.12
Pavement Asset Management,District 05,Spencer,202187,,,FD05,FD05 108 2239 000-004,LOUISVILLE PAVING COMPANY INC,MP10822392001,2020-09-25,265720.7,265720.7
Pavement Asset Management,District 05,Jefferson,202281,,,FD05,FD05 056 1703 004-006,FLYNN BROTHERS CONTRACTING INC,MP05617032001,2020-09-25,330087.9,330087.9
Pavement Asset Management,District 05,Jefferson,202047,,,FD05,FD05 056 3069 000-001,FLYNN BROTHERS CONTRACTING INC,MP05630692001,2020-09-25,37794.41,37794.41
Pavement Asset Management,District 05,Jefferson,202265,,,FD05,FD05 056 060A 001-004,FLYNN BROTHERS CONTRACTING INC,MP056060A2001,2020-09-25,616904.46,616904.46
Pavement Asset Management,District 05,Jefferson,202609,05-10015.00,,,FJ11 056 0064 B00298N,E & B PAVING LLC,MB05600642001,2020-07-24,4595950.67,1600104.72
Pavement Asset Management,District 05,Jefferson,202609,05-10015.00,,,FJ11 056 0064 B00299N,E & B PAVING LLC,MB05600642002,2020-07-24,4595950.67,495022.38
Pavement Asset Management,District 05,Jefferson,202609,05-10015.00,,,FJ11 056 0064 B00300N,E & B PAVING LLC,MB05600642003,2020-07-24,4595950.67,1278739.96
Pavement Asset Management,District 05,Jefferson,202609,05-10015.00,,,FJ11 056 0064 B00301N,E & B PAVING LLC,MB05600642004,2020-07-24,4595950.67,487347.87
Pavement Asset Management,District 05,Jefferson,202609,05-10015.00,,,FJ11 056 0064 B00302N,E & B PAVING LLC,MB05600642005,2020-07-24,4595950.67,734735.75
Safety,District 05,Jefferson,204209,05-09019.00,,HSIP,HSIP 8725(012),SIGNAL POWER & LIGHT INCORPORATED,0505617472002,2020-07-24,123777.0,123777.0
Highway Improvement,District 05,Shelby,201308,05-08511.00,STP,,STP 1551 (028),LOUISVILLE PAVING COMPANY INC,DE10600532008,2020-07-24,14264000.0,14264000.0
Highway Improvement,District 05,Jefferson,201005,05-20010.00,,NHPP,NHPP IM 2641(183),LOUISVILLE PAVING COMPANY INC,DE05602642005,2020-04-24,10968000.0,10968000.0
Pavement Asset Management,District 05,Franklin,202057,,,FD05,FD05 037 0127 000-007,LOUISVILLE PAVING COMPANY INC,MP03701272001,2020-03-20,886164.54,886164.54
Pavement Asset Management,District 05,Franklin,202056,,,FD05,FD05 037 0060 007-008,H G MAYS CORPORATION,MP03700602001,2020-02-21,155101.88,155101.88
Pavement Asset Management,District 05,Jefferson,202058,,,FD05,FD05 056 0146 006-009,LOUISVILLE PAVING COMPANY INC,MP05601462001,2020-02-21,553783.35,553783.35
Safety,District 05,Various,204115,05-00962.00,,HSIP,HSIP 9010 (416),W L MARKERS INC,0512100002001,2020-02-21,974169.5,974169.5
Bridge Asset Management,District 05,Spencer,205168,05-10014.00,"STP, BRZ",,STP BRZ 9030 (266),SCOTT AND MURPHY INC,BR10811281900,2020-02-21,455980.53,455980.53
Miscellaneous,District 05,Various,202098,,,FE01,FE01 121 DW20 0050000,OGLESBY CONSTRUCTION INC,MP12100002013,2020-02-21,4696079.78,4696079.78
Highway Improvement,District 05,Jefferson,201006,05-01067.00,BRO,,BRO 8801(009),LOUISVILLE PAVING COMPANY INC,DE05601502006,2020-01-24,1428000.0,1428000.0
